id,email,nom,prenom,password,ville
1,lucie.marie@orange.fr,Marie,Lucie,odJFCrnl2e,Sainte Patrick
2,guillaume.gallet@gmail.com,Gallet,Guillaume,dlBD#dz1C5,Saint Jeannenec
3,antoine.morin@wanadoo.fr,Morin,Antoine,Jau2RJtBRn,Rey
4,josette.michel@orange.fr,Michel,Josette,lWmTSHf6pW,Philippenec
5,caroline.pruvost@free.fr,Pruvost,Caroline,kLUyifDLkD,Robert
6,marthe.briand@laposte.net,Briand,Marthe,mWJ6UuVTAI,Lopes
7,martin.ledoux@hotmail.fr,Ledoux,Martin,jvFu7WICPh,Henry
8,alex.pereira@bouygtel.fr,Pereira,Alex,DeOZIiBOB@,Barre
9,susan.bertrand@ifrance.com,Bertrand,Susan,Y6sHrFH2ZU,RegnierBourg
10,édouard.courtois@live.com,Courtois,Édouard,Cr$@lgotu2,Techer
11,hortense.olivier@club-internet.fr,Olivier,Hortense,iXW7GboIRo,Saint Margaud-sur-Mer
12,édouard.rey@live.com,Rey,Édouard,L3u6aH#w#n,Sainte Rogerdan
13,isaac.lemaître@bouygtel.fr,Lemaître,Isaac,M#ztVuaP!c,Lacroix
14,martine.normand@free.fr,Normand,Martine,oUNEhEkk!i,Saint Élisabeth-sur-Mer
15,célina.gillet@orange.fr,Gillet,Célina,qq8vH2BzNZ,Riou
16,marianne.germain@gmail.com,Germain,Marianne,V4%5pFCiRc,Saint Valentine
17,susan.gomes@sfr.fr,Gomes,Susan,DCajhDieQj,RoyerBourg
18,hélène.wagner@tiscali.fr,Wagner,Hélène,$EJ!Bq8F80,Lecomte
19,anastasie.weiss@laposte.net,Weiss,Anastasie,ymm3T207gm,Meunier-la-Forêt
20,paul.vallet@noos.fr,Vallet,Paul,hZRnFyy5r2,Tanguy-la-Forêt
21,isabelle.alexandre@laposte.net,Alexandre,Isabelle,xJ7Fj4mgbl,Vasseur
22,danielle.teixeira@free.fr,Teixeira,Danielle,Ev0!9BZhvW,Saint Frédéric-les-Bains
23,sophie.bazin@ifrance.com,Bazin,Sophie,aXH6K2!tyL,GodardBourg
24,alex.godard@voila.fr,Godard,Alex,BhhOhg9#uh,Evrard-la-Forêt
25,maggie.mace@yahoo.fr,Mace,Maggie,$kxiiEZpFf,Sainte Paulineboeuf
26,théodore.gay@voila.fr,Gay,Théodore,k1%OHAOEHY,De Sousa
27,michelle.fouquet@free.fr,Fouquet,Michelle,qM6Ojb6mjB,Charrier
28,corinne.gautier@wanadoo.fr,Gautier,Corinne,#HqSiFVKu4,Riou
29,julie.philippe@free.fr,Philippe,Julie,MbMnrHontI,Besson
30,élodie.merle@tiscali.fr,Merle,Élodie,KARAH#!Ggl,Martinboeuf
31,alfred.marie@orange.fr,Marie,Alfred,2JfaQqHu42,Le Gall
32,bertrand.guillot@tiscali.fr,Guillot,Bertrand,bojteVs3qf,Chevalier-sur-Clément
33,sylvie.muller@laposte.net,Muller,Sylvie,NUfTAFnT0t,Gosselin-les-Bains
34,margaux.ollivier@wanadoo.fr,Ollivier,Margaux,Euw0dwQ0FI,Gaillard-la-Forêt
35,julie.briand@sfr.fr,Briand,Julie,unWe8Cz6SN,Gimenez
36,michèle.langlois@tele2.fr,Langlois,Michèle,DCdyZQJiJS,Leconteboeuf
37,diane.sauvage@dbmail.com,Sauvage,Diane,$ZQdoHwHen,Saint MauriceBourg
38,alphonse.pruvost@voila.fr,Pruvost,Alphonse,3SO3$oXyGf,Rolland-sur-Mer
39,david.neveu@gmail.com,Neveu,David,3a%zU3iQOp,Saint Daniel
40,vincent.guérin@tiscali.fr,Guérin,Vincent,M#N0PZLqy1,Gomez-la-Forêt
41,marcel.gimenez@tiscali.fr,Gimenez,Marcel,WwMZaMKA3P,Ramos
42,patrick.reynaud@yahoo.fr,Reynaud,Patrick,744B$8vkK$,AubertBourg
43,margaux.perret@noos.fr,Perret,Margaux,QlENCzsdfF,Briand
44,chantal.chauveau@ifrance.com,Chauveau,Chantal,8j61yX@ZFs,Saint Charles
45,nathalie.maillot@tele2.fr,Maillot,Nathalie,an2Cw%7gFp,Saint Léon-sur-Mer
46,guillaume.briand@tele2.fr,Briand,Guillaume,6r7O4#25u8,Lopes
47,paul.sanchez@gmail.com,Sanchez,Paul,5HFJ%!EJ4j,DiasBourg
48,manon.gimenez@orange.fr,Gimenez,Manon,KEIQOkrtDX,Saint Odette
49,jacques.cordier@ifrance.com,Cordier,Jacques,tBi10Q71hA,Leduc-sur-Mer
50,charles.gaillard@bouygtel.fr,Gaillard,Charles,1XcW9aTMX1,Bernardnec
51,sabine.de-sousa@tiscali.fr,De Sousa,Sabine,C!CI3!dXRZ,Briand
52,honoré.aubert@gmail.com,Aubert,Honoré,v7qdYdk2r7,Carpentier
53,inès.guyon@gmail.com,Guyon,Inès,xgHWPB6PRW,Bonnetboeuf
54,benoît.mary@gmail.com,Mary,Benoît,J1Gk8cgSCi,Gaudin-les-Bains
55,danielle.faure@hotmail.fr,Faure,Danielle,fdFzctEq8o,Muller
56,margot.huet@gmail.com,Huet,Margot,B7GVvouNnd,Mathieu-sur-Mer
57,laure.faure@bouygtel.fr,Faure,Laure,NWYzjFnMpf,Descampsboeuf
58,lucas.laroche@bouygtel.fr,Laroche,Lucas,S2Vi#Rb1!n,Dupuis
59,anastasie.payet@dbmail.com,Payet,Anastasie,3U6t3w%I97,Albert
60,odette.legrand@yahoo.fr,Legrand,Odette,3IPFlJ5F7W,Sainte Laurence
61,david.tanguy@bouygtel.fr,Tanguy,David,Rd@Px!BTHR,Guillou
62,gilles.lévêque@free.fr,Lévêque,Gilles,JJb%ykE0!E,Saint Alexandrie-la-Forêt
63,brigitte.devaux@wanadoo.fr,Devaux,Brigitte,8!5clLCZFN,Raymond
64,alain.martineau@laposte.net,Martineau,Alain,V8S2QT6ING,RibeiroBourg
65,rémy.ferreira@sfr.fr,Ferreira,Rémy,DpyOpxyB9J,Saint Richard-la-Forêt
66,michelle.le-goff@bouygtel.fr,Le Goff,Michelle,KmyLDUwMbq,Torres
67,corinne.camus@hotmail.fr,Camus,Corinne,JfgLq!nbK8,Roux
68,luce.briand@voila.fr,Briand,Luce,94RxgG9oiZ,Bertrand
69,xavier.pires@bouygtel.fr,Pires,Xavier,!jgttMkFp1,Diaz
70,isaac.traore@voila.fr,Traore,Isaac,C%W54M2Nhm,Courtoisnec
71,frédéric.sanchez@gmail.com,Sanchez,Frédéric,ABHkuEwjua,Morvan
72,victoire.lemaître@noos.fr,Lemaître,Victoire,058LeDKK6j,Courtois-sur-Caron
73,gilbert.dupont@gmail.com,Dupont,Gilbert,DHz2oCtIsj,Marchal
74,agathe.lacroix@yahoo.fr,Lacroix,Agathe,hvNK4p7MZI,Martineau
75,adrienne.valette@orange.fr,Valette,Adrienne,#@4kf3PGdl,Cordier-les-Bains
76,isaac.schmitt@dbmail.com,Schmitt,Isaac,DcIfw8%4Jx,Laurent-les-Bains
77,sabine.bouchet@free.fr,Bouchet,Sabine,3!l8S0QPnu,Da Costa
78,simone.boutin@orange.fr,Boutin,Simone,Q0@KZe6lOG,Sainte Augustedan
79,luc.jacques@orange.fr,Jacques,Luc,PoZ$a70gy%,Schneider
80,maurice.laurent@dbmail.com,Laurent,Maurice,U@4gAIqK4!,Alexandre
81,roger.muller@wanadoo.fr,Muller,Roger,pdEuNb0lCo,Marty
82,andrée.potier@yahoo.fr,Potier,Andrée,7pt@L$I198,RémyVille
83,raymond.colin@yahoo.fr,Colin,Raymond,F6sXy$riJ1,Aubry-sur-Morel
84,jeannine.gay@dbmail.com,Gay,Jeannine,R#IaKM!t59,Chauveau
85,bernadette.seguin@sfr.fr,Seguin,Bernadette,SQW6PyEXD0,Ferreiranec
86,pierre.bertrand@live.com,Bertrand,Pierre,fO8WXt@eq#,Martin-sur-Mer
87,aurore.muller@dbmail.com,Muller,Aurore,Qm4m6bs0tj,Ferrand
88,margaud.denis@club-internet.fr,Denis,Margaud,8HRYkQWO!e,Guillou
89,margot.lejeune@club-internet.fr,Lejeune,Margot,iEKDl3mm4v,Antoine
90,françoise.rodriguez@ifrance.com,Rodriguez,Françoise,MdfPhLTV3s,De Oliveira
91,margaret.bouvet@club-internet.fr,Bouvet,Margaret,F0xvwkWE@s,Chauvet
92,anne.lévy@sfr.fr,Lévy,Anne,D7G6Gb7Kuj,Sainte Sébastien
93,aurore.delorme@tele2.fr,Delorme,Aurore,4SM2G6MzX9,Bègue-sur-Lebrun
94,capucine.pichon@tiscali.fr,Pichon,Capucine,nEWTLLcYJb,Gros
95,stéphanie.guyon@hotmail.fr,Guyon,Stéphanie,g@KDTCyGrm,Delmas
96,roland.buisson@orange.fr,Buisson,Roland,fN4eUqlLP1,Daniel-sur-Morin
97,margot.ruiz@laposte.net,Ruiz,Margot,wzqU#IvG9L,Philippe
98,andré.lambert@hotmail.fr,Lambert,André,Ro7jsCYUlY,Ollivier
99,cécile.legros@ifrance.com,Legros,Cécile,bHp6VHWVnD,Leclercq-sur-Wagner
100,clémence.alexandre@voila.fr,Alexandre,Clémence,8dPCi7M0or,Caron
101,odette.pires@wanadoo.fr,Pires,Odette,feM@omErX6,Sainte Matthieu-les-Bains
102,célina.girard@tele2.fr,Girard,Célina,V1t1m!0JeV,MenardBourg
103,grégoire.barthelemy@tele2.fr,Barthelemy,Grégoire,B44EUmVThY,Vaillantboeuf
104,juliette.fouquet@free.fr,Fouquet,Juliette,Jyp6lBcgQF,Launaydan
105,noémi.ollivier@bouygtel.fr,Ollivier,Noémi,qAiABDQsaJ,Poirier-sur-Mer
106,pauline.merle@bouygtel.fr,Merle,Pauline,sqGwodqbTE,Vallée-sur-Mer
107,brigitte.garnier@bouygtel.fr,Garnier,Brigitte,PcwHgq1oi8,Huet
108,xavier.julien@laposte.net,Julien,Xavier,5U$n5#Cf%M,Faure-les-Bains
109,nicolas.jacob@sfr.fr,Jacob,Nicolas,6dh9Z2n!4j,Munoz
110,christophe.legros@noos.fr,Legros,Christophe,kPsiqJPWL6,Rémydan
111,charles.leclerc@ifrance.com,Leclerc,Charles,#3moB35D0R,PerrierVille
112,christiane.robert@ifrance.com,Robert,Christiane,6Z1mO2OGVt,Léger
113,dominique.humbert@tiscali.fr,Humbert,Dominique,8ilkl3mVqh,Letellier-sur-Mer
114,matthieu.maillard@ifrance.com,Maillard,Matthieu,Qp0T2gKNTn,ValléeVille
115,yves.laroche@tele2.fr,Laroche,Yves,#Bt9CnSVoJ,Ramos-les-Bains
116,gilbert.loiseau@voila.fr,Loiseau,Gilbert,C2dIdxINRS,Michelnec
117,émile.weiss@free.fr,Weiss,Émile,axsZisdlBW,Dufourdan
118,benoît.bertin@tele2.fr,Bertin,Benoît,16RuVNPkgt,Millet-sur-Mer
119,victor.marques@bouygtel.fr,Marques,Victor,ugkI42!41I,Lopesnec
120,victoire.faure@live.com,Faure,Victoire,B$oS3oK!Nf,MoreauVille
121,maurice.delahaye@orange.fr,Delahaye,Maurice,CYhaAMBrGL,Saint OlivieVille
122,luc.lefebvre@laposte.net,Lefebvre,Luc,Ppa@3wqWD#,Brunet-sur-Dupuis
123,christelle.laroche@live.com,Laroche,Christelle,TjYf3c6jO2,Saint Chantal-la-Forêt
124,jacques.seguin@yahoo.fr,Seguin,Jacques,Z1LoZcPv6U,Letellier-sur-Wagner
125,renée.goncalves@voila.fr,Goncalves,Renée,l3nF3ZkYNR,Nicolas
126,thierry.bruneau@hotmail.fr,Bruneau,Thierry,CQvj$o$ySS,Chauvin-sur-Mer
127,jeanne.blot@club-internet.fr,Blot,Jeanne,sEnsGzwtjw,Henry
128,claude.pottier@gmail.com,Pottier,Claude,@75POt4i84,Mathieu-sur-Moreno
129,adélaïde.rossi@hotmail.fr,Rossi,Adélaïde,MJhT#jN75e,Peltierboeuf
130,corinne.jourdan@noos.fr,Jourdan,Corinne,hVKjl#X7f5,Richard
131,valentine.camus@laposte.net,Camus,Valentine,yP8#th5nRk,Sainte Agnèsdan
132,bernadette.schmitt@tiscali.fr,Schmitt,Bernadette,#wfF44%uUV,Gilles-la-Forêt
133,chantal.nguyen@orange.fr,Nguyen,Chantal,KX0RgQiQmX,Royer-sur-Breton
134,véronique.fernandez@orange.fr,Fernandez,Véronique,KGtQksSNYq,Lebreton
135,odette.barthelemy@ifrance.com,Barthelemy,Odette,kNWQql2$Uc,Bourdon-sur-Laroche
136,yves.leroy@tiscali.fr,Leroy,Yves,UNxBR!yCrt,Germain-les-Bains
137,marcel.monnier@bouygtel.fr,Monnier,Marcel,jLm#eRqWtu,Leblanc
138,jeannine.boutin@voila.fr,Boutin,Jeannine,xv4f0UE4K5,Berthelot
139,diane.aubert@tiscali.fr,Aubert,Diane,DEN8yV47KW,Saint Michellenec
140,frédérique.thierry@tiscali.fr,Thierry,Frédérique,#1uzrGg9Vn,Blot
141,madeleine.mendès@hotmail.fr,Mendès,Madeleine,%pKkuI5$s3,PonsVille
142,théodore.louis@club-internet.fr,Louis,Théodore,lC5Sd1gY#V,Jacquot-sur-Mer
143,margaud.blin@wanadoo.fr,Blin,Margaud,EXkVCdOmQs,Reynaud
144,adélaïde.lamy@tele2.fr,Lamy,Adélaïde,reK8r85akc,Rémyboeuf
145,richard.schneider@yahoo.fr,Schneider,Richard,GBt2oKEMpg,Grondin
146,michelle.olivier@free.fr,Olivier,Michelle,E16io@c$Es,Mathieu
147,léon.fabre@yahoo.fr,Fabre,Léon,L2aTE1xkUi,Baron-la-Forêt
148,victoire.leclercq@live.com,Leclercq,Victoire,##cX8fXVGc,Dumas
149,joseph.hernandez@gmail.com,Hernandez,Joseph,TiSEnQrfTR,Saint Robert
150,bernard.lenoir@laposte.net,Lenoir,Bernard,w79xri6eLz,Rocher
151,lucie.chrétien@club-internet.fr,Chrétien,Lucie,fzfON$Y8Ge,HenryVille
152,charlotte.voisin@gmail.com,Voisin,Charlotte,yKTgQIpV3Z,Leblanc-les-Bains
153,philippe.martel@hotmail.fr,Martel,Philippe,4XRx@@V%Ik,Saint Andréedan
154,hortense.lombard@club-internet.fr,Lombard,Hortense,2k3xLPnkPL,Saint Henri
155,émile.menard@wanadoo.fr,Menard,Émile,N52v4S5fT3,Sainte Julie-sur-Mer
156,alex.lebreton@club-internet.fr,Lebreton,Alex,JhjZU$uds4,Légernec
157,hélène.legendre@sfr.fr,Legendre,Hélène,eqiEUUXet5,Saint Paulette
158,lorraine.lecomte@hotmail.fr,Lecomte,Lorraine,VV4jrUYOJF,Peltier
159,hugues.dupuis@hotmail.fr,Dupuis,Hugues,odx@%XpHH5,Courtois
160,hugues.bernard@club-internet.fr,Bernard,Hugues,BK!zprj5w4,Lebretondan
161,arthur.grondin@club-internet.fr,Grondin,Arthur,lOSiLMuwU$,Munoz
162,martine.de-sousa@noos.fr,De Sousa,Martine,CpzrE@dUV7,Saint Rémy-sur-Mer
163,gabriel.devaux@laposte.net,Devaux,Gabriel,qliNY900jq,Jourdan
164,rené.blanchard@club-internet.fr,Blanchard,René,Oj57%Sqxq3,Saint Jacques-la-Forêt
165,brigitte.denis@ifrance.com,Denis,Brigitte,#hp%tMvuPC,Lagarde-la-Forêt
166,richard.charrier@hotmail.fr,Charrier,Richard,S%KkGzJqMl,Teixeiradan
167,joséphine.fournier@bouygtel.fr,Fournier,Joséphine,#vtvRfdkfH,Guyonboeuf
168,andré.robin@voila.fr,Robin,André,A1d@LM9FZM,Parent
169,paulette.maillet@gmail.com,Maillet,Paulette,6jhu4197AR,Verdier
170,paulette.boulay@wanadoo.fr,Boulay,Paulette,sOOSZqV$nO,Lelièvre
171,manon.pichon@noos.fr,Pichon,Manon,E7pI5FsmgL,Arnaud
172,luce.marin@dbmail.com,Marin,Luce,X1FuPOyu@$,Sainte Adèlenec
173,tristan.leconte@tiscali.fr,Leconte,Tristan,7@N@clY#6E,Saint Vincentnec
174,sébastien.dupré@tele2.fr,Dupré,Sébastien,BTggK@8Kbn,SamsonVille
175,emmanuel.gomes@yahoo.fr,Gomes,Emmanuel,3rHUZUfZgy,Breton
176,pénélope.antoine@noos.fr,Antoine,Pénélope,UKjX#5Jpqm,Martindan
177,bernard.roche@tele2.fr,Roche,Bernard,YVRUsz$Z#f,Étiennedan
178,patricia.roux@laposte.net,Roux,Patricia,ferQ8%6t$r,Da Costa
179,sébastien.navarro@orange.fr,Navarro,Sébastien,POuYMR#$!M,RivièreVille
180,mathilde.leroux@voila.fr,Leroux,Mathilde,8cVQo1Nd8H,Courtois
181,françoise.cordier@tele2.fr,Cordier,Françoise,Dg9vWsFeoy,Saint ZoéBourg
182,georges.jourdan@club-internet.fr,Jourdan,Georges,c4O1t0A0#8,Didier
183,danielle.munoz@tiscali.fr,Munoz,Danielle,hr%AP9WOw6,Legros
184,charlotte.berger@ifrance.com,Berger,Charlotte,RTH9yFJMCM,Courtois-les-Bains
185,laurent.joseph@hotmail.fr,Joseph,Laurent,KA!O9SJKpW,Letellier-les-Bains
186,robert.leleu@voila.fr,Leleu,Robert,YSsLfKkS4G,Leblanc-la-Forêt
187,roland.pages@tiscali.fr,Pages,Roland,9BzIIrnEFg,Coste
188,henri.cohen@dbmail.com,Cohen,Henri,CDgm0Q8mra,Guilletboeuf
189,françoise.ledoux@dbmail.com,Ledoux,Françoise,u089zKPKhl,Hoareaudan
190,laurent.rocher@ifrance.com,Rocher,Laurent,Dew1weY@xL,Masse
191,nicolas.diallo@tiscali.fr,Diallo,Nicolas,ebMnQK6@r#,Bertrandboeuf
192,maryse.weber@tiscali.fr,Weber,Maryse,7IyoQu6Gxb,Dupré-les-Bains
193,auguste.marchand@yahoo.fr,Marchand,Auguste,RLywZ2$PlZ,Mauryboeuf
194,camille.besnard@noos.fr,Besnard,Camille,mxr9PFaHXE,Sainte Alexandre-les-Bains
195,marcelle.meyer@dbmail.com,Meyer,Marcelle,5IQMbHUEhp,Sainte Sabine-la-Forêt
196,laurence.jacquot@dbmail.com,Jacquot,Laurence,7NuZ#NpLVC,DelahayeBourg
197,dominique.parent@tiscali.fr,Parent,Dominique,Cr9t6V18BF,Gilletboeuf
198,élodie.da-silva@club-internet.fr,Da Silva,Élodie,k5Ujoh#ztv,Muller-sur-Huet
199,michel.letellier@tele2.fr,Letellier,Michel,P%4oA!l$5h,Sainte EugèneBourg
200,jacques.lemonnier@gmail.com,Lemonnier,Jacques,6q$16h7NcY,Leroy
201,victor.lefèvre@live.com,Lefèvre,Victor,GaBjf2Sihi,Pelletier
202,aurore.rodrigues@noos.fr,Rodrigues,Aurore,8eK0xr1VW5,Laporte
203,geneviève.normand@free.fr,Normand,Geneviève,WWkrSpwYqC,Picard
204,édouard.bourdon@tiscali.fr,Bourdon,Édouard,acM72WDF6S,Legendre-sur-Mer
205,isabelle.meunier@bouygtel.fr,Meunier,Isabelle,tJyoe1cEAi,Pinto
206,céline.adam@free.fr,Adam,Céline,me5gFfZ4DB,Sainte Sébastien
207,david.pichon@club-internet.fr,Pichon,David,hr#LDOPEMs,Coste
208,lucie.lamy@club-internet.fr,Lamy,Lucie,%C0MJhw2@g,Pineau
209,louis.jacob@ifrance.com,Jacob,Louis,SWO10tMWx8,Gautier-sur-Mer
210,henriette.pelletier@club-internet.fr,Pelletier,Henriette,ECMs7h01rX,Collet-sur-Bonnin
211,alphonse.delmas@gmail.com,Delmas,Alphonse,FGAQk5Vlyg,ParisVille
212,julie.vallet@live.com,Vallet,Julie,IWfjyB9AQM,Renault-sur-Mer
213,matthieu.bousquet@bouygtel.fr,Bousquet,Matthieu,bByp9FAYEP,Legendre
214,margaret.faivre@yahoo.fr,Faivre,Margaret,KW7TNHU$@7,Techer
215,lorraine.imbert@tele2.fr,Imbert,Lorraine,m8OAVO0fCs,Sainte Simone
216,arthur.delorme@laposte.net,Delorme,Arthur,cH1LtzQDWF,Foucher
217,éric.collet@noos.fr,Collet,Éric,@RG!!6vTvr,Letellier
218,jérôme.bourgeois@live.com,Bourgeois,Jérôme,!xhejga0rD,Gimenez
219,éléonore.charrier@bouygtel.fr,Charrier,Éléonore,itbB#6Vh9!,Gaillard
220,valérie.leduc@dbmail.com,Leduc,Valérie,ca0bcJKc#3,Letellier
221,suzanne.noël@orange.fr,Noël,Suzanne,wnmtEyGTIY,Sanchez-les-Bains
222,margaret.ramos@hotmail.fr,Ramos,Margaret,kVZ6FCMkel,Pascalboeuf
223,sophie.delaunay@yahoo.fr,Delaunay,Sophie,ZWW8hbvk@3,Sainte Élise
224,cécile.tessier@ifrance.com,Tessier,Cécile,QmfDB8IfjJ,Mary
225,valentine.diaz@orange.fr,Diaz,Valentine,ewOcAsYjMu,Nicolas
226,charlotte.laurent@orange.fr,Laurent,Charlotte,EXQXrk#Sgm,Guilbert-sur-Millet
227,madeleine.andre@noos.fr,Andre,Madeleine,3DjRYPdI5!,Bonnin-la-Forêt
228,gabriel.joly@tiscali.fr,Joly,Gabriel,DTW3xWkLFj,Saint Thibaut
229,gabriel.pereira@laposte.net,Pereira,Gabriel,kItWtXOUnl,Tanguy
230,amélie.de-sousa@noos.fr,De Sousa,Amélie,aN4UInqlx3,Leconte
231,jacqueline.bernier@yahoo.fr,Bernier,Jacqueline,5$0ndlTlPX,Legros
232,victoire.camus@gmail.com,Camus,Victoire,bL0XkF%vWv,Cordier-sur-Guyot
233,marie.lemaître@tele2.fr,Lemaître,Marie,rIMI@siv3J,Hebert
234,noël.étienne@gmail.com,Étienne,Noël,1M9jUGF@z6,Sainte Émilieboeuf
235,anastasie.baron@tele2.fr,Baron,Anastasie,nrMaYQWQ4Q,Rivière
236,éric.dupré@voila.fr,Dupré,Éric,3rMPz9OwYO,Clerc
237,benoît.le-roux@sfr.fr,Le Roux,Benoît,L!FPWJYUoz,Marchand
238,daniel.salmon@orange.fr,Salmon,Daniel,xd7A4Li0@r,Guillaume-sur-Mer
239,vincent.becker@voila.fr,Becker,Vincent,MEGt2Wj59Z,Godard
240,robert.rodrigues@bouygtel.fr,Rodrigues,Robert,#1eUknFTvf,Gimenez
241,susanne.roger@live.com,Roger,Susanne,ZQ3nbmHC$%,Saint GillesVille
242,sophie.gomez@free.fr,Gomez,Sophie,C5VY7#tSd9,Breton-sur-Durand
243,rémy.roux@noos.fr,Roux,Rémy,nL1kosSNR6,Traore
244,édith.noël@wanadoo.fr,Noël,Édith,A%9S8m45Oi,Sainte Carolineboeuf
245,jeanne.nicolas@gmail.com,Nicolas,Jeanne,MfocRnvF%w,Gaudin-sur-Mer
246,nathalie.delmas@voila.fr,Delmas,Nathalie,uQ27DZxx3Y,Hernandezdan
247,charles.voisin@tiscali.fr,Voisin,Charles,dz52XaBAJi,LaunayBourg
248,michèle.hebert@hotmail.fr,Hebert,Michèle,nxUPz6oH!O,Saint Tristan-les-Bains
249,gilbert.paris@dbmail.com,Paris,Gilbert,XYoST6wMkr,Couturier-sur-Mary
250,alex.godard@wanadoo.fr,Godard,Alex,OpENoxVs$X,Cousindan
251,josette.perret@noos.fr,Perret,Josette,1rX2x!wv!K,Saint Dominique-sur-Mer
252,catherine.dumas@ifrance.com,Dumas,Catherine,rxO5gTb!ry,Maillotdan
253,arnaude.chauveau@bouygtel.fr,Chauveau,Arnaude,X#@0!14!vk,Sainte Aurélieboeuf
254,alix.brunet@hotmail.fr,Brunet,Alix,dCLeJCKv6@,MercierBourg
255,éric.lesage@gmail.com,Lesage,Éric,$ooIUf4B2n,Sainte Suzanne-les-Bains
256,jacqueline.guilbert@noos.fr,Guilbert,Jacqueline,FMe5HSl4pE,BoulangerBourg
257,adrienne.chartier@club-internet.fr,Chartier,Adrienne,AS2vrAAhSJ,MaceVille
258,joséphine.langlois@wanadoo.fr,Langlois,Joséphine,vPLLI$mr0h,Duval
259,marcel.meyer@live.com,Meyer,Marcel,JqqFsPFY!s,HubertBourg
260,camille.berthelot@bouygtel.fr,Berthelot,Camille,I1W5jlZ$JV,Noël
261,henriette.jean@bouygtel.fr,Jean,Henriette,6!Pal6TiYB,GuilbertVille
262,antoine.arnaud@club-internet.fr,Arnaud,Antoine,2B@IPKRq!R,Boutin
263,yves.marty@ifrance.com,Marty,Yves,gfm6cpu46a,Saint Guy
264,daniel.blanchard@wanadoo.fr,Blanchard,Daniel,2zqMuJlUGk,Saint Océane
265,martin.mallet@free.fr,Mallet,Martin,VvgYND2lma,De Sousaboeuf
266,alexandrie.langlois@hotmail.fr,Langlois,Alexandrie,B9jqC%4bbR,Diallo
267,bernard.meyer@gmail.com,Meyer,Bernard,p2q9jDXlnn,Faivre
268,margot.faure@noos.fr,Faure,Margot,OVMrWrsibv,Pichon
269,claire.seguin@sfr.fr,Seguin,Claire,4SBt04Blmr,Legros-la-Forêt
270,olivie.blanchet@club-internet.fr,Blanchet,Olivie,pXS2OrFJkF,Sainte AuroreBourg
271,margaret.potier@club-internet.fr,Potier,Margaret,KdMA%$yYLg,Coulon-sur-Laine
272,benjamin.vasseur@voila.fr,Vasseur,Benjamin,E@XoE@jbUO,JosephVille
273,lucas.hernandez@laposte.net,Hernandez,Lucas,qX1Uw8jcib,Gosselin
274,paulette.adam@yahoo.fr,Adam,Paulette,HBfhY#K#12,Millet
275,aimé.mahe@ifrance.com,Mahe,Aimé,ZktJkNk$At,Roger-les-Bains
276,élisabeth.fischer@live.com,Fischer,Élisabeth,PYiN3EhFl3,Charrier
277,david.chauvin@tele2.fr,Chauvin,David,o6hNwpbrbu,Sainte Alfred
278,denis.bouvier@ifrance.com,Bouvier,Denis,@S%%HvVqIp,Gilbert-sur-Baudry
279,mathilde.riou@ifrance.com,Riou,Mathilde,dQ2IiHj@6$,CharpentierBourg
280,alphonse.germain@tele2.fr,Germain,Alphonse,Uh@vVuGnoD,Maurice
281,véronique.blot@noos.fr,Blot,Véronique,$afbFf8UXt,Blanc
282,camille.gautier@ifrance.com,Gautier,Camille,we1CPF1OIj,Nguyen
283,édith.chevalier@orange.fr,Chevalier,Édith,Vp#gwC%fZi,Ruizboeuf
284,xavier.merle@wanadoo.fr,Merle,Xavier,7KNPl6bVzL,Garnier
285,luce.noël@live.com,Noël,Luce,MF7V@zFta0,Gros-sur-Mer
286,adèle.petitjean@yahoo.fr,Petitjean,Adèle,dDSbQaWNnA,Huet
287,william.boucher@laposte.net,Boucher,William,E1!hsJlfD%,Giraud
288,patricia.thierry@tele2.fr,Thierry,Patricia,0V6km#rYjh,Saint Pénélopedan
289,olivie.thibault@dbmail.com,Thibault,Olivie,3qELHOYPO5,Pons-sur-Bazin
290,lorraine.gomes@hotmail.fr,Gomes,Lorraine,IDjzrntnv5,Besnard
291,charlotte.pichon@gmail.com,Pichon,Charlotte,7O0pTA5N7H,Paris
292,adrienne.guillou@gmail.com,Guillou,Adrienne,pluMfBPslF,Sainte Célinadan
293,bertrand.tessier@hotmail.fr,Tessier,Bertrand,TY$gMHwdZ5,Garnier
294,laetitia.valentin@gmail.com,Valentin,Laetitia,Fm7nrpbhCq,Jacobdan
295,catherine.masse@tiscali.fr,Masse,Catherine,zZVkHjciz4,Lebrun
296,constance.fernandes@dbmail.com,Fernandes,Constance,qlQpf7gv3Y,Sainte François
297,michèle.clément@gmail.com,Clément,Michèle,@dW2wTBxJJ,Imbert-les-Bains
298,paul.neveu@live.com,Neveu,Paul,5teFL@09hl,Navarro-les-Bains
299,alix.carre@gmail.com,Carre,Alix,JXr1zFcWT9,Lejeuneboeuf
300,sophie.lefort@dbmail.com,Lefort,Sophie,!S#PXIxdOC,François
301,étienne.pascal@laposte.net,Pascal,Étienne,dJh8TDumFE,Jacquet-la-Forêt
302,xavier.faure@live.com,Faure,Xavier,IhCXTwwEOT,Dupré-sur-Blanchard
303,thierry.bègue@club-internet.fr,Bègue,Thierry,dTsy@Nw!el,DumontBourg
304,gabrielle.mallet@wanadoo.fr,Mallet,Gabrielle,hDCc9aQzqR,Rodriguez
305,éric.imbert@voila.fr,Imbert,Éric,wPhcssoUjV,Grégoireboeuf
306,agnès.ruiz@dbmail.com,Ruiz,Agnès,YmRMPru3!O,Benoit
307,pauline.vallée@laposte.net,Vallée,Pauline,wTCwWNLqwa,Jean
308,honoré.garnier@wanadoo.fr,Garnier,Honoré,YexOCn@sQj,Roussel
309,pénélope.gimenez@laposte.net,Gimenez,Pénélope,ESOvlQ5bHA,Morelboeuf
310,jeannine.mallet@free.fr,Mallet,Jeannine,FiSGnagX41,Goncalves
311,véronique.jacquot@tele2.fr,Jacquot,Véronique,v0@WSWm9Cu,Gaillard-sur-Mace
312,benjamin.bouchet@orange.fr,Bouchet,Benjamin,5jeLcOHnjR,Labbé
313,capucine.bourdon@tele2.fr,Bourdon,Capucine,vWujlR9d3v,Chrétien
314,nicolas.joubert@tiscali.fr,Joubert,Nicolas,3ugmQAy0HK,Ruiz
315,victoire.leclercq@tele2.fr,Leclercq,Victoire,MEmgY!tgUa,Potier
316,célina.lecoq@ifrance.com,Lecoq,Célina,2lL9zmdAvL,Merle
317,constance.evrard@laposte.net,Evrard,Constance,k8oNY8!HlX,Renard-sur-Mer
318,philippe.roux@wanadoo.fr,Roux,Philippe,xVWVx5fH47,GuichardBourg
319,claude.denis@free.fr,Denis,Claude,HCIhtmkS0D,Perez
320,richard.lebreton@hotmail.fr,Lebreton,Richard,hX%18E8MkY,Caronnec
321,matthieu.lebreton@noos.fr,Lebreton,Matthieu,e#%sp5wvBy,Michel
322,bernard.delaunay@ifrance.com,Delaunay,Bernard,qf2k3zsHOi,Besson-sur-Mer
323,édouard.besson@dbmail.com,Besson,Édouard,lXYPJ%6b%1,Leroy
324,eugène.delannoy@laposte.net,Delannoy,Eugène,o1tsmnmKS0,Rodrigues
325,auguste.renault@tiscali.fr,Renault,Auguste,HX!8ewJZsZ,Grenier-les-Bains
326,caroline.chauvet@bouygtel.fr,Chauvet,Caroline,eYQEg8IVcR,Saint Alfred
327,martin.gérard@yahoo.fr,Gérard,Martin,MNJ!mDrM4P,Petitjeannec
328,philippine.hervé@yahoo.fr,Hervé,Philippine,I1ly4B0!%V,Hernandez
329,benoît.dupuis@hotmail.fr,Dupuis,Benoît,h$uiN#Zrdw,Rioudan
330,frédéric.didier@wanadoo.fr,Didier,Frédéric,yzhFe6gUzJ,Regnier-sur-Durand
331,hortense.guillot@noos.fr,Guillot,Hortense,V7#YpdEV!5,Klein
332,adrien.bonneau@noos.fr,Bonneau,Adrien,w8SSuHlKdX,Guillot
333,julien.chartier@ifrance.com,Chartier,Julien,guBCCAI0$c,Sainte DanielVille
334,charlotte.bertrand@voila.fr,Bertrand,Charlotte,b8qwbCGNJ2,Besson-la-Forêt
335,agathe.mercier@yahoo.fr,Mercier,Agathe,WS6GB7M%Yn,Guillot
336,pénélope.blin@gmail.com,Blin,Pénélope,a$VKMn9iRJ,Lucas
337,adrienne.morvan@free.fr,Morvan,Adrienne,PJHMyt%EhZ,Weiss
338,véronique.merle@free.fr,Merle,Véronique,Ord@LH1ZXe,Grenierdan
339,suzanne.dufour@sfr.fr,Dufour,Suzanne,yRC8T#MvxL,Sainte Auguste-la-Forêt
340,benjamin.bourgeois@wanadoo.fr,Bourgeois,Benjamin,m8qHxQlCTC,Sainte Thierry
341,anastasie.devaux@sfr.fr,Devaux,Anastasie,N1QVHL7p8g,FleuryVille
342,sébastien.hamon@yahoo.fr,Hamon,Sébastien,j8y#pWM0gt,Sainte Richard
343,susanne.tessier@ifrance.com,Tessier,Susanne,rzR06sOxk!,Alexandredan
344,yves.lemoine@live.com,Lemoine,Yves,QwOha5JAvu,Jacquotdan
345,susanne.paul@noos.fr,Paul,Susanne,!lq32Z29Xa,Perez
346,édouard.perret@club-internet.fr,Perret,Édouard,ezVbPycaFC,Arnaud-sur-Morvan
347,tristan.henry@club-internet.fr,Henry,Tristan,SNqnX#Nvif,Sainte Margaud-la-Forêt
348,caroline.marion@live.com,Marion,Caroline,ML6%R3rR!T,Brundan
349,caroline.dupont@noos.fr,Dupont,Caroline,yvZcDCqBc#,Bonneau
350,robert.riou@ifrance.com,Riou,Robert,vpUeWGggnc,Saint Marguerite
351,aimée.blanchet@laposte.net,Blanchet,Aimée,go14WpG8tA,Martinez
352,claude.raynaud@hotmail.fr,Raynaud,Claude,bM1m%Ir1n$,Fontaine-les-Bains
353,noël.merle@ifrance.com,Merle,Noël,pKon@zzH%z,Étienne
354,hélène.david@tele2.fr,David,Hélène,T0Luf@A9QE,Brunet-sur-Potier
355,alexandrie.guichard@laposte.net,Guichard,Alexandrie,ablo@tl$jm,LedouxBourg
356,éléonore.poulain@orange.fr,Poulain,Éléonore,GD6LH7gmwf,Bouvier-la-Forêt
357,gabriel.michel@wanadoo.fr,Michel,Gabriel,LUO2omfbrv,Didier
358,amélie.guilbert@tele2.fr,Guilbert,Amélie,QT4IlVRxoZ,Sainte Philippine-la-Forêt
359,marcel.raymond@tiscali.fr,Raymond,Marcel,Z6IX91voqh,Lemonnier
360,luc.rivière@tele2.fr,Rivière,Luc,un194xWTdq,Legrand
361,jérôme.delannoy@live.com,Delannoy,Jérôme,9!o04fiHOb,Fernandezboeuf
362,mathilde.françois@club-internet.fr,François,Mathilde,CR%%m3F9SX,Allard-la-Forêt
363,claude.barbier@wanadoo.fr,Barbier,Claude,tgbu#8@vj!,Étienne
364,maurice.rivière@orange.fr,Rivière,Maurice,PEQJg#CWZE,Joly
365,sophie.teixeira@live.com,Teixeira,Sophie,k645l@5Op@,Sainte Françoise
366,chantal.courtois@hotmail.fr,Courtois,Chantal,cnZ0ealM$A,Raymond
367,christophe.ruiz@wanadoo.fr,Ruiz,Christophe,6RUgC6Q8U5,Wagnerdan
368,antoinette.lecoq@laposte.net,Lecoq,Antoinette,omCaRTL%Vn,BruneauBourg
369,timothée.clerc@laposte.net,Clerc,Timothée,fv@r0nGzyp,Sainte Chantalboeuf
370,véronique.valette@laposte.net,Valette,Véronique,YB6yRn1fp5,Riou-les-Bains
371,aurore.gaudin@laposte.net,Gaudin,Aurore,6#r@ag39$w,Saint Diane
372,thibaut.gaillard@orange.fr,Gaillard,Thibaut,wqnXP#X1FJ,Breton
373,adélaïde.paul@bouygtel.fr,Paul,Adélaïde,YRL5rr0$MO,Chevalier
374,louis.bousquet@club-internet.fr,Bousquet,Louis,BzALSqw#Po,Paris-les-Bains
375,laetitia.joubert@free.fr,Joubert,Laetitia,T91K2b%ndW,Saint Jeanne-les-Bains
376,margaux.ferrand@gmail.com,Ferrand,Margaux,sghzIuKGsh,Marques-sur-Thibault
377,valérie.leroy@sfr.fr,Leroy,Valérie,LAeT5nCXE$,Saint Lucy-la-Forêt
378,pauline.masse@tiscali.fr,Masse,Pauline,KgWX1OgbGz,MauriceVille
379,lorraine.morvan@club-internet.fr,Morvan,Lorraine,4CVzyL5wjx,Clerc
380,christine.moulin@hotmail.fr,Moulin,Christine,w$pWf2JHqu,Légerdan
381,marie.lopez@noos.fr,Lopez,Marie,GaQ7tftPgM,Besnard
382,christine.barthelemy@laposte.net,Barthelemy,Christine,!TjOCx%i#u,Leblanc
383,thomas.wagner@live.com,Wagner,Thomas,1ZlSCBQQUL,Peron
384,andrée.dumont@yahoo.fr,Dumont,Andrée,B8boS5EFfP,Buisson
385,timothée.guillot@tele2.fr,Guillot,Timothée,WoXGKd%V$$,Rivière-la-Forêt
386,paul.blanchard@noos.fr,Blanchard,Paul,5!fLyP$kmv,Saint Stéphanenec
387,paul.leroux@dbmail.com,Leroux,Paul,aiAB2nA3jt,Verdier
388,laurent.ledoux@wanadoo.fr,Ledoux,Laurent,d6QeljgwGj,Didier
389,chantal.didier@voila.fr,Didier,Chantal,DH0X5Z3OcX,Mahe
390,éric.carlier@sfr.fr,Carlier,Éric,paifjT#nLM,Albert-sur-Mer
391,isabelle.benard@tiscali.fr,Benard,Isabelle,lK4WYd8uCr,Saint Roland
392,jeannine.guibert@yahoo.fr,Guibert,Jeannine,YLsMVbspfa,RenaultVille
393,aurore.lucas@live.com,Lucas,Aurore,YkNASB0$su,Petitjean
394,paulette.antoine@ifrance.com,Antoine,Paulette,xCGyoxg7jL,Lambert
395,bernard.colas@club-internet.fr,Colas,Bernard,iGmz!QTqEm,Leclercqboeuf
396,david.collin@yahoo.fr,Collin,David,KiyO!5QNtU,Lebreton-la-Forêt
397,gilbert.pereira@live.com,Pereira,Gilbert,O2vaOFC3JU,Bessonboeuf
398,olivie.meunier@wanadoo.fr,Meunier,Olivie,rQ975TN!nw,Marion
399,andrée.charrier@laposte.net,Charrier,Andrée,kJrzHjjc#d,Saint Auguste
400,michèle.le-roux@laposte.net,Le Roux,Michèle,ZBeH8tUYCL,Pauldan
401,julie.buisson@dbmail.com,Buisson,Julie,r7#$lYU#bE,Millet
402,isaac.carlier@dbmail.com,Carlier,Isaac,v$r5uws9Tf,Rousset-sur-Ribeiro
403,corinne.grégoire@tiscali.fr,Grégoire,Corinne,C!DiHVDfA%,Camus-la-Forêt
404,sylvie.durand@yahoo.fr,Durand,Sylvie,UX86ffPn%J,Rémy
405,arnaude.guillon@voila.fr,Guillon,Arnaude,HwWWUj%GWC,Pages
406,jeannine.reynaud@orange.fr,Reynaud,Jeannine,%ZTS!9a#r4,Bègue
407,michelle.roux@wanadoo.fr,Roux,Michelle,vDj$JBtxuU,Voisin-sur-Picard
408,louise.mace@laposte.net,Mace,Louise,pD1Qo999Au,Becker-sur-Gillet
409,valentine.bazin@yahoo.fr,Bazin,Valentine,0cFfqur$fs,David
410,laurent.moreau@laposte.net,Moreau,Laurent,hvHx%ZcKkB,Bouviernec
411,antoinette.blot@wanadoo.fr,Blot,Antoinette,589vC0sx$H,Bouchet
412,philippine.raymond@laposte.net,Raymond,Philippine,vR6iDWXqnc,GuyonVille
413,diane.guillaume@wanadoo.fr,Guillaume,Diane,z%#1tmw8e#,Germaindan
414,alexandria.bouvier@dbmail.com,Bouvier,Alexandria,pl9qa3%1Vf,Jacques
415,émilie.monnier@tiscali.fr,Monnier,Émilie,2D9WSm2rG9,Bourdon
416,léon.hoarau@club-internet.fr,Hoarau,Léon,DkK0Gyaa%p,Pascal
417,maurice.léger@sfr.fr,Léger,Maurice,%aWAO0Unt2,Fischer
418,marie.fischer@live.com,Fischer,Marie,GH2UJYA09w,Prévostdan
419,gabrielle.mace@yahoo.fr,Mace,Gabrielle,V9GNSYrpD5,Hervé
420,henriette.labbé@live.com,Labbé,Henriette,umB$ZRguXa,Gilletnec
421,pénélope.rodrigues@club-internet.fr,Rodrigues,Pénélope,ls83liHCVk,Dupont
422,michèle.chevalier@bouygtel.fr,Chevalier,Michèle,eXZ%Khw@4b,Pichon
423,océane.voisin@bouygtel.fr,Voisin,Océane,z%Kye$%Dve,Renaud
424,gabrielle.grenier@yahoo.fr,Grenier,Gabrielle,UEaulJZTYZ,Dos Santos
425,laetitia.traore@gmail.com,Traore,Laetitia,z%bilKSSJC,Dupuis-sur-Berger
426,marguerite.laporte@orange.fr,Laporte,Marguerite,y6ZaHw0#nj,Diaz
427,bernard.roussel@yahoo.fr,Roussel,Bernard,#LRo$GG4W9,Rémydan
428,maggie.pires@free.fr,Pires,Maggie,FR66d9oHiW,Thomas
429,anouk.guibert@club-internet.fr,Guibert,Anouk,CDO0T%bHFK,Martel-sur-Mer
430,tristan.renault@orange.fr,Renault,Tristan,lZRjw8OTBI,Saint Manon
431,élisabeth.rousset@free.fr,Rousset,Élisabeth,xy@zEEHADz,Saint Arnaude
432,auguste.chauvin@gmail.com,Chauvin,Auguste,FTtnpk@af9,Lemoine-la-Forêt
433,alain.léger@dbmail.com,Léger,Alain,VO@J!x$JYC,Marion-sur-Gautier
434,roland.de-sousa@laposte.net,De Sousa,Roland,qg29e#SYw6,Hardydan
435,claude.bodin@yahoo.fr,Bodin,Claude,p%6ObbAWmP,Maillard-sur-Mer
436,vincent.goncalves@free.fr,Goncalves,Vincent,UHxHEI8RUx,Jourdan-la-Forêt
437,alexandre.gallet@sfr.fr,Gallet,Alexandre,@2A1VUZJ5x,Collet
438,jérôme.bourdon@hotmail.fr,Bourdon,Jérôme,qDmIE3Wzst,Launayboeuf
439,andrée.laroche@dbmail.com,Laroche,Andrée,8bw1@r%O!M,Saint Guillaumedan
440,paul.robert@orange.fr,Robert,Paul,GgYmuhBG8m,Jacob
441,caroline.chrétien@club-internet.fr,Chrétien,Caroline,5QHUUGSc0p,Boulanger
442,isabelle.ramos@live.com,Ramos,Isabelle,SzwKTP$!5k,Dubois-sur-Bertin
443,marine.huet@club-internet.fr,Huet,Marine,WK7svR1Zjk,Saint Chantal
444,hugues.lebon@yahoo.fr,Lebon,Hugues,uRDOOLIYI4,Fischer-la-Forêt
445,lucie.collet@orange.fr,Collet,Lucie,U%50vxcqEG,Bonneau
446,matthieu.lucas@live.com,Lucas,Matthieu,kAvYnmi8gd,Brunetdan
447,arnaude.boutin@orange.fr,Boutin,Arnaude,YknHtkXNDF,Georges-sur-Mer
448,maggie.faivre@tele2.fr,Faivre,Maggie,K4qqvdeTP8,Faure-sur-Laine
449,éléonore.fischer@yahoo.fr,Fischer,Éléonore,7I4rw63NS9,Garnier
450,charles.lévy@free.fr,Lévy,Charles,Dl4NU0HtMb,Renaud-les-Bains
451,victor.dijoux@tiscali.fr,Dijoux,Victor,a%rSK8b!9M,Ferreira-sur-Mer
452,éric.gros@laposte.net,Gros,Éric,b3LDaVy03Y,Lefèvredan
453,denise.legros@tele2.fr,Legros,Denise,FuXWCHk2E%,ThibaultVille
454,margot.le-gall@voila.fr,Le Gall,Margot,IKI0yixrLo,Sainte Pierre
455,noémi.carpentier@noos.fr,Carpentier,Noémi,65I!yPctgc,Legrand-sur-Lambert
456,adélaïde.bonnin@gmail.com,Bonnin,Adélaïde,xnKIq4bDlt,Saint Danieldan
457,sébastien.lejeune@laposte.net,Lejeune,Sébastien,b@BR1N@V7e,Lecoq
458,pauline.clerc@tele2.fr,Clerc,Pauline,QkshIYj8xy,Bessonnec
459,alexandria.mallet@yahoo.fr,Mallet,Alexandria,GWbpFX4Fez,Saint Marcelleboeuf
460,joseph.tanguy@orange.fr,Tanguy,Joseph,6m%A8XNPuf,Evrard-les-Bains
461,victoire.bernard@noos.fr,Bernard,Victoire,%pG9MzUgBo,Sainte Célina
462,élisabeth.gillet@tele2.fr,Gillet,Élisabeth,E3PbvJpYFb,Hoarau
463,adélaïde.meyer@yahoo.fr,Meyer,Adélaïde,f8tVlFu@lR,Roche
464,arthur.peltier@orange.fr,Peltier,Arthur,hhTtnq!DOS,BonneauVille
465,lucas.mercier@orange.fr,Mercier,Lucas,4ycWTrGf!4,Saint CarolineVille
466,nicole.bertrand@sfr.fr,Bertrand,Nicole,L!yxSP7Jui,Navarro-sur-Mer
467,olivie.diallo@club-internet.fr,Diallo,Olivie,t5LHU6a#Wx,Saint Constance
468,nicolas.foucher@dbmail.com,Foucher,Nicolas,cUEPiXy@tK,Julien-sur-Verdier
469,noël.hernandez@wanadoo.fr,Hernandez,Noël,P0Pom%ifqw,Peltier
470,matthieu.pasquier@gmail.com,Pasquier,Matthieu,ezn!ymeX!G,Paris
471,frédérique.maury@noos.fr,Maury,Frédérique,gUCjbA!k7h,Toussaint
472,frédérique.costa@ifrance.com,Costa,Frédérique,U1VhIfjMjB,Sainte Lucy
473,simone.hardy@noos.fr,Hardy,Simone,%mmDXyyFw1,Grenier
474,anouk.gérard@free.fr,Gérard,Anouk,nT62nvxZ#R,Mallet
475,olivie.tanguy@club-internet.fr,Tanguy,Olivie,u4TOPV03PE,Guillot-sur-Mer
476,mathilde.meunier@noos.fr,Meunier,Mathilde,BWGU55YaeK,Boyernec
477,frédérique.laporte@orange.fr,Laporte,Frédérique,c%rMaMCBOc,Chevallier
478,pierre.martins@hotmail.fr,Martins,Pierre,J$tme6TtrH,Jourdan
479,catherine.lemaître@ifrance.com,Lemaître,Catherine,UFDGMlZBjP,Saint Bernard-la-Forêt
480,margot.texier@sfr.fr,Texier,Margot,9w!mMeWkhQ,Fournier-sur-Legrand
481,suzanne.samson@sfr.fr,Samson,Suzanne,S31pDbWgNf,Ramos-sur-Leconte
482,christiane.guillaume@voila.fr,Guillaume,Christiane,OtP#CtgY5#,Bailly
483,marcel.aubert@ifrance.com,Aubert,Marcel,lC3LYsqRk8,Sainte Patrick-sur-Mer
484,olivier.courtois@club-internet.fr,Courtois,Olivier,gZHkZ#3qr9,Diallo
485,alex.turpin@club-internet.fr,Turpin,Alex,z!YzFFjI3P,Delahayeboeuf
486,raymond.alves@yahoo.fr,Alves,Raymond,lo02USyPSd,Mahedan
487,suzanne.mace@sfr.fr,Mace,Suzanne,NvS4s4fDzV,Samsonboeuf
488,alexandrie.bouvier@laposte.net,Bouvier,Alexandrie,tkogFsKbRo,Lambert-sur-Mer
489,alfred.bertin@club-internet.fr,Bertin,Alfred,N58cQABA%H,Marynec
490,honoré.pierre@ifrance.com,Pierre,Honoré,9scWfGvhKz,Rolland
491,hélène.moulin@bouygtel.fr,Moulin,Hélène,Ig7biXIUnc,Diasboeuf
492,paulette.camus@live.com,Camus,Paulette,LXDW$mO!lx,Jacques-les-Bains
493,jean.joly@gmail.com,Joly,Jean,z#6cfFNQ!Y,Camus-les-Bains
494,édith.fontaine@noos.fr,Fontaine,Édith,ucSTTME#Jh,Saint PauletteVille
495,guillaume.lombard@laposte.net,Lombard,Guillaume,GXdJCtRYrl,Mercier
496,alain.carpentier@gmail.com,Carpentier,Alain,W%D1Et2NQ5,Pineauboeuf
497,laure.diaz@tiscali.fr,Diaz,Laure,qArzrNr3su,Guillet-sur-Delmas
498,alfred.robert@voila.fr,Robert,Alfred,OipxOsdO00,Courtoisnec
499,alfred.laporte@club-internet.fr,Laporte,Alfred,M4JtynqxdI,Regnier
500,alfred.gaudin@yahoo.fr,Gaudin,Alfred,DDDdTk9r#8,ColinBourg
501,édith.gérard@wanadoo.fr,Gérard,Édith,VxX!8ruyCe,Olivier
502,philippe.monnier@hotmail.fr,Monnier,Philippe,0bI0CzAiw4,Chauvin
503,alix.lebon@orange.fr,Lebon,Alix,!P6F2ZfWOY,Moreno-sur-Mer
504,théophile.pottier@ifrance.com,Pottier,Théophile,e%n56fF%Yf,Saint Éricnec
505,alexandria.courtois@free.fr,Courtois,Alexandria,X%gyL4YMK7,LefèvreVille
506,émile.didier@yahoo.fr,Didier,Émile,v2Lg%s75l#,Imbertboeuf
507,éléonore.dupont@tiscali.fr,Dupont,Éléonore,oxrY0P5dw6,Lecomte
508,richard.lambert@free.fr,Lambert,Richard,z6lGPuplo5,Sainte ÉmilieVille
509,claude.gomes@laposte.net,Gomes,Claude,UkX$uWWfvQ,Saint Jacqueline
510,odette.mendès@free.fr,Mendès,Odette,tuswg1NN5K,Garnier-la-Forêt
511,geneviève.guillot@dbmail.com,Guillot,Geneviève,xpqzaGb6@@,Perrier-sur-Labbé
512,alice.faivre@hotmail.fr,Faivre,Alice,a@EB8604ka,Lagarde
513,constance.vallet@yahoo.fr,Vallet,Constance,FJAgxshSes,Vincent
514,bernadette.grondin@dbmail.com,Grondin,Bernadette,eMQlgn1wuK,Sainte Josettenec
515,antoine.couturier@tiscali.fr,Couturier,Antoine,w6UelMPVWi,Lebreton
516,michel.hamon@free.fr,Hamon,Michel,2iL8rpJQ0A,Malletnec
517,maggie.mary@orange.fr,Mary,Maggie,Ahnl9K2OHT,Clément-la-Forêt
518,michèle.legrand@laposte.net,Legrand,Michèle,q@%@@xDLya,Sainte Honorénec
519,nicole.perrier@yahoo.fr,Perrier,Nicole,pd7pA10fQS,Alves
520,éric.thomas@live.com,Thomas,Éric,BbzKGiNM#P,Hebert
521,patricia.dupuy@noos.fr,Dupuy,Patricia,aoQRYdwyQR,Saint Emmanuel-les-Bains
522,caroline.pascal@yahoo.fr,Pascal,Caroline,98er9t6Q70,Blanchetnec
523,andré.blanc@hotmail.fr,Blanc,André,h%MOcAQTit,Lenoir
524,jeannine.joseph@voila.fr,Joseph,Jeannine,JdRWvXxoNO,Collin
525,stéphane.pasquier@orange.fr,Pasquier,Stéphane,eI0l@EV5MB,MerleBourg
526,henriette.dijoux@ifrance.com,Dijoux,Henriette,MwoVezl4#d,Pottier
527,jean.joly@bouygtel.fr,Joly,Jean,9#tyR9NPsm,Hernandez
528,clémence.rodrigues@noos.fr,Rodrigues,Clémence,%qAe6X%oaN,Saint Bernadette-la-Forêt
529,théophile.guillet@tiscali.fr,Guillet,Théophile,flQ7fn%NcN,Sainte Philippe-sur-Mer
530,jeannine.chauvet@yahoo.fr,Chauvet,Jeannine,APzyKJO4pI,Albert
531,grégoire.bailly@ifrance.com,Bailly,Grégoire,tuJob$nASO,Sainte Xavier
532,suzanne.boulanger@laposte.net,Boulanger,Suzanne,IsKFvjNR4g,Danielnec
533,théophile.lebrun@tiscali.fr,Lebrun,Théophile,qd8gnXgl2Y,Lemonnier-sur-Bourgeois
534,thomas.schmitt@tiscali.fr,Schmitt,Thomas,w5TNQzk7ql,Julien-la-Forêt
535,hortense.berger@bouygtel.fr,Berger,Hortense,7m6N78DCsH,Mallet
536,thérèse.carlier@sfr.fr,Carlier,Thérèse,UYxQP6!di8,Noël
537,jeanne.morvan@voila.fr,Morvan,Jeanne,oS97vKSq$n,Normand
538,nathalie.pinto@club-internet.fr,Pinto,Nathalie,ZnPjM7Z0EF,Navarro
539,véronique.jacquot@laposte.net,Jacquot,Véronique,u9XiRA33RE,Sainte Margotdan
540,luce.bailly@laposte.net,Bailly,Luce,wj!o7Pm4wN,Fleury
541,michelle.briand@tiscali.fr,Briand,Michelle,ZinWP@hlBr,Legranddan
542,isabelle.maréchal@gmail.com,Maréchal,Isabelle,ast5LX5zAO,Guillounec
543,sophie.alves@yahoo.fr,Alves,Sophie,MM3Slb$ZqL,ValentinBourg
544,pauline.menard@gmail.com,Menard,Pauline,hVgaToKdE3,Brun
545,geneviève.imbert@noos.fr,Imbert,Geneviève,YOWZW3Bw8r,Chrétienboeuf
546,franck.dubois@tele2.fr,Dubois,Franck,yXU1tKqrbj,Sainte Matthieu-sur-Mer
547,alix.michaud@live.com,Michaud,Alix,cs!3rkr162,Leleu-les-Bains
548,andré.guillet@yahoo.fr,Guillet,André,x6$25XTCx2,Sainte ArnaudeBourg
549,véronique.chauveau@club-internet.fr,Chauveau,Véronique,a@E#I0Uee9,Lévêque
550,zacharie.pineau@tiscali.fr,Pineau,Zacharie,Vo9ksJ7%k%,Dijoux
551,adèle.ollivier@dbmail.com,Ollivier,Adèle,lF8jNgRb86,Sainte Michelledan
552,daniel.ribeiro@dbmail.com,Ribeiro,Daniel,$8Q1TLLveM,Saint Alphonse
553,madeleine.nicolas@orange.fr,Nicolas,Madeleine,Hh8vgLdK!k,Traore
554,diane.roger@noos.fr,Roger,Diane,q#jJGqJJGb,Lerouxboeuf
555,célina.grondin@free.fr,Grondin,Célina,owt5VwHE!x,Lombard-les-Bains
556,lucie.descamps@sfr.fr,Descamps,Lucie,eRkst@0XE4,DelaunayVille
557,catherine.allain@sfr.fr,Allain,Catherine,vASgHogv7Z,PerrierVille
558,lucas.lopes@live.com,Lopes,Lucas,8M8DWX8Hs3,Saint Susanne-les-Bains
559,victor.pierre@tiscali.fr,Pierre,Victor,bK5WOfmT3I,Noël-la-Forêt
560,éléonore.riou@ifrance.com,Riou,Éléonore,QIImGY7Ey%,Godard
561,juliette.michaud@live.com,Michaud,Juliette,RxObbib0mn,Noël-sur-Lévêque
562,camille.albert@club-internet.fr,Albert,Camille,5SCKGyedlh,Giraud-sur-Maillet
563,laetitia.maury@orange.fr,Maury,Laetitia,BpplqWxoxG,Saint ThomasBourg
564,thibault.ferreira@laposte.net,Ferreira,Thibault,L7j6J2PGuj,Besson
565,danielle.chevallier@ifrance.com,Chevallier,Danielle,JhWXQhHHw4,Godard-les-Bains
566,audrey.lemoine@free.fr,Lemoine,Audrey,i!zYw!ns3B,Bousquet-les-Bains
567,claudine.hervé@dbmail.com,Hervé,Claudine,n4HnejjG5c,Lemoine
568,zoé.lebreton@voila.fr,Lebreton,Zoé,@taeXItQYa,Vincent-sur-Pelletier
569,claire.dufour@wanadoo.fr,Dufour,Claire,$!93ZiCaX9,Jacob
570,marcelle.costa@noos.fr,Costa,Marcelle,pTQMZhlURk,Pottierdan
571,mathilde.hebert@voila.fr,Hebert,Mathilde,6LzwfXyMXn,BrunBourg
572,stéphanie.samson@gmail.com,Samson,Stéphanie,T!k4yreydE,Klein
573,robert.jean@tele2.fr,Jean,Robert,!XiN@5ceRh,Hervé-les-Bains
574,geneviève.bernier@yahoo.fr,Bernier,Geneviève,RfZpB%6tDj,DiasBourg
575,rené.becker@tele2.fr,Becker,René,es!c8fFqbw,PoulainVille
576,émilie.carpentier@club-internet.fr,Carpentier,Émilie,gNm6vino@C,Henry-sur-Mer
577,arthur.lebreton@hotmail.fr,Lebreton,Arthur,iz2RZPprPB,Lévêque
578,brigitte.lemaire@live.com,Lemaire,Brigitte,fwQipJs1vV,Lacroix
579,mathilde.bourdon@sfr.fr,Bourdon,Mathilde,v4FfrmWuc!,Gaillard-les-Bains
580,sylvie.leclerc@bouygtel.fr,Leclerc,Sylvie,kaawlK18qA,Sainte Élisabeth
581,jeannine.tanguy@club-internet.fr,Tanguy,Jeannine,sI%50Ewex@,Breton
582,stéphane.baudry@yahoo.fr,Baudry,Stéphane,lMS1aEypmU,Buisson
583,grégoire.hamel@laposte.net,Hamel,Grégoire,#C7AJgyot8,Lopez-la-Forêt
584,martine.payet@dbmail.com,Payet,Martine,@wufgUKA3G,Rodrigues
585,véronique.hoarau@bouygtel.fr,Hoarau,Véronique,Q6fngwud!$,Camus-les-Bains
586,lorraine.legros@hotmail.fr,Legros,Lorraine,ojE4P1zPDo,SauvageBourg
587,anne.buisson@live.com,Buisson,Anne,PDmE0zWCj8,Lemonnier
588,cécile.coulon@voila.fr,Coulon,Cécile,!g3sB6wXVr,Blin
589,philippine.peron@hotmail.fr,Peron,Philippine,6yTIzQqehJ,Sainte Luceboeuf
590,stéphanie.joubert@sfr.fr,Joubert,Stéphanie,ro761vRCLu,Carpentiernec
591,clémence.royer@dbmail.com,Royer,Clémence,vDl0%!B87J,Jacquet
592,emmanuelle.verdier@tiscali.fr,Verdier,Emmanuelle,b2FFP3Cta1,Moreno
593,simone.le-goff@tele2.fr,Le Goff,Simone,ff8#e2Y9m5,Saint Eugène
594,alfred.denis@tele2.fr,Denis,Alfred,@Ekb0BqTLE,Besnard
595,adrien.gilbert@laposte.net,Gilbert,Adrien,lc9Nu6d67r,Lagarde
596,manon.hernandez@hotmail.fr,Hernandez,Manon,ZxV7ajXQeL,Paris
597,marcelle.alves@live.com,Alves,Marcelle,2IAkQh$Ugo,Perez
598,margot.delahaye@ifrance.com,Delahaye,Margot,XU7fUUwiAr,Roux
599,lorraine.schneider@hotmail.fr,Schneider,Lorraine,QEo9ACPTI#,Gilbert
600,maryse.gauthier@hotmail.fr,Gauthier,Maryse,2JgiVS5!#p,Saint Christiane
601,gilles.allain@tele2.fr,Allain,Gilles,8L5Viy6lkY,Paul
602,alain.petit@noos.fr,Petit,Alain,wKjnvJos@t,Mathieu
603,marine.payet@ifrance.com,Payet,Marine,A%cL1q8S14,Guérin-sur-Mer
604,emmanuel.foucher@club-internet.fr,Foucher,Emmanuel,cLyicD%Q0R,Saint Thomasboeuf
605,guillaume.weber@laposte.net,Weber,Guillaume,P!46MqNvHD,Clerc
606,daniel.laporte@free.fr,Laporte,Daniel,9VKgsTK6vu,Petit-sur-Bourdon
607,brigitte.marty@laposte.net,Marty,Brigitte,KxwtuEofOq,Techer
608,antoinette.chauvet@yahoo.fr,Chauvet,Antoinette,4HVxAeOSsV,CarpentierBourg
609,guillaume.chrétien@dbmail.com,Chrétien,Guillaume,5uMpdZ@s6O,Sainte Adèlenec
610,sophie.joly@hotmail.fr,Joly,Sophie,ta#QL8Ls4R,Baron
611,paul.lenoir@club-internet.fr,Lenoir,Paul,o9froNdZC5,Brunel-sur-Mace
612,renée.blot@wanadoo.fr,Blot,Renée,TlPhyCJzck,Sainte Lucas
613,julie.grégoire@ifrance.com,Grégoire,Julie,5l$Yy!O$hU,Letellier
614,théodore.imbert@ifrance.com,Imbert,Théodore,Ys2VXVbKSS,Saint Clémence
615,frédéric.guillot@wanadoo.fr,Guillot,Frédéric,N5lB414Ku2,DiazBourg
616,alexandre.alves@ifrance.com,Alves,Alexandre,1rlsAM8QiW,Payet
617,virginie.colas@tiscali.fr,Colas,Virginie,la0I1w7rzx,Poulain-les-Bains
618,pénélope.legrand@bouygtel.fr,Legrand,Pénélope,WL!fMM@7Cd,Saint Alexandre
619,martin.fournier@club-internet.fr,Fournier,Martin,atHM8pK1w!,Sainte Corinne
620,lorraine.mendès@noos.fr,Mendès,Lorraine,FdpJ@iU93H,Gosselinnec
621,martine.maréchal@club-internet.fr,Maréchal,Martine,8pV$cHuhsO,Saint RogerBourg
622,édouard.gros@dbmail.com,Gros,Édouard,7rTugIU1Tg,Meyer
623,anaïs.coste@orange.fr,Coste,Anaïs,LLj$yxmvPO,Sainte Marthenec
624,bertrand.moulin@gmail.com,Moulin,Bertrand,MIUmTsbr%K,Sainte Gabrieldan
625,thierry.martineau@voila.fr,Martineau,Thierry,V!0RunBt#C,Mathieu
626,mathilde.dos-santos@live.com,Dos Santos,Mathilde,yo16joqc9S,Saint Colette
627,dorothée.blondel@live.com,Blondel,Dorothée,NUr4%RwMdp,Brun
628,gilbert.bouvet@yahoo.fr,Bouvet,Gilbert,CqsDNqAqk2,Peron
629,pénélope.martinez@bouygtel.fr,Martinez,Pénélope,ojc93fzne$,Gilbert
630,édith.andre@hotmail.fr,Andre,Édith,h8pGfiMbmp,Mendès
631,colette.pineau@tiscali.fr,Pineau,Colette,AzxSdlsJST,AlvesVille
632,hélène.brun@bouygtel.fr,Brun,Hélène,u#E#imbByK,Barbier
633,pénélope.henry@yahoo.fr,Henry,Pénélope,vamB#8Ux4n,Parent-sur-Ramos
634,michel.traore@voila.fr,Traore,Michel,xTW2B$D0oO,BernardVille
635,patrick.lambert@laposte.net,Lambert,Patrick,p7o%r@UKfk,Marchalnec
636,joseph.da-silva@orange.fr,Da Silva,Joseph,P@oXK6N4C0,Delannoynec
637,tristan.menard@bouygtel.fr,Menard,Tristan,L2yi8Vwb!n,Fouquetboeuf
638,valérie.garnier@wanadoo.fr,Garnier,Valérie,Y4%kpsYZnv,Guichard-sur-Mathieu
639,margot.roux@wanadoo.fr,Roux,Margot,iUzRzZpD2@,Hubert
640,benjamin.maréchal@dbmail.com,Maréchal,Benjamin,JIZT8Z!$Js,Sainte Roland-la-Forêt
641,emmanuel.lenoir@sfr.fr,Lenoir,Emmanuel,6npG!@Drdm,Petitboeuf
642,stéphane.thibault@orange.fr,Thibault,Stéphane,gi@dwWPtMm,Rousset
643,célina.tessier@sfr.fr,Tessier,Célina,j%@7zL@!#H,Teixeira-sur-Leleu
644,nath.morvan@voila.fr,Morvan,Nath,Rce3pX5OW4,Fernandes
645,anouk.laurent@live.com,Laurent,Anouk,6eewMv!3rN,Allard
646,luce.lemonnier@ifrance.com,Lemonnier,Luce,X!o!88u#hY,Sainte Adrien
647,claude.gallet@sfr.fr,Gallet,Claude,H@WTKPhdfq,Duval
648,éléonore.gomez@laposte.net,Gomez,Éléonore,USdRWm2ST0,MarinVille
649,michèle.guyot@live.com,Guyot,Michèle,ShFFENkiNo,Saint Nicolasnec
650,céline.letellier@ifrance.com,Letellier,Céline,RvcPe62$1I,Saint Corinne-les-Bains
651,denis.allain@laposte.net,Allain,Denis,c8cOWXPm!m,Bonnet-sur-Gay
652,noël.klein@ifrance.com,Klein,Noël,AR@#RvMU3z,Gomes
653,martine.guyon@tele2.fr,Guyon,Martine,@jBKHgMZCl,Prévost
654,richard.rey@laposte.net,Rey,Richard,mRIi82ASjM,Saint GrégoireBourg
655,franck.gaillard@noos.fr,Gaillard,Franck,#M3Oz1ZG$6,Turpinboeuf
656,georges.regnier@sfr.fr,Regnier,Georges,xc%x@B7I3h,Pires
657,catherine.le-gall@hotmail.fr,Le Gall,Catherine,%zU7sEtM30,AubryBourg
658,hugues.torres@gmail.com,Torres,Hugues,OiA0IKuGEZ,Fischer
659,martin.millet@orange.fr,Millet,Martin,EotydFN7!3,Robin
660,agathe.delaunay@bouygtel.fr,Delaunay,Agathe,2ezuIrdHJw,Girard-la-Forêt
661,thérèse.roger@tele2.fr,Roger,Thérèse,f!chkOMi0U,Sainte Dominique
662,frédérique.bouvet@tele2.fr,Bouvet,Frédérique,lYrEo#p%G@,MenardBourg
663,françois.joly@laposte.net,Joly,François,lEpOQXE2Bs,Saint Charles-sur-Mer
664,louis.maréchal@hotmail.fr,Maréchal,Louis,nwBJ40Gh!V,Torres
665,isabelle.coste@voila.fr,Coste,Isabelle,oO28FJsU8V,Sanchez
666,christophe.philippe@dbmail.com,Philippe,Christophe,NcegEGXNUp,RodriguezBourg
667,gérard.dupont@noos.fr,Dupont,Gérard,E4XbYGMlEM,Girard-les-Bains
668,valentine.ramos@ifrance.com,Ramos,Valentine,Au4O0eJk!8,MaheVille
669,maggie.launay@sfr.fr,Launay,Maggie,0Q2muH#iT1,Monnier
670,julien.paris@laposte.net,Paris,Julien,P6dgx4raZz,Cohen
671,arthur.bonneau@club-internet.fr,Bonneau,Arthur,NOkouF%q0O,Chauvet-sur-Moulin
672,colette.bouchet@hotmail.fr,Bouchet,Colette,59rHwPKzk1,VoisinVille
673,roger.jacob@sfr.fr,Jacob,Roger,VxYWCccDl7,Humbert
674,lucy.laine@voila.fr,Laine,Lucy,zHvgZ2HtlV,Lombard
675,alex.delannoy@tiscali.fr,Delannoy,Alex,vpb36@pCAy,Voisin
676,adélaïde.moreno@bouygtel.fr,Moreno,Adélaïde,IK@Wq3ABKy,Lebrunnec
677,jules.michel@orange.fr,Michel,Jules,1x0sdLHE5F,Godard
678,antoine.merle@tiscali.fr,Merle,Antoine,V6kb8rPYBX,Boyer
679,éléonore.pelletier@yahoo.fr,Pelletier,Éléonore,2GjmhgQE8T,Rey-sur-Leroux
680,paul.descamps@gmail.com,Descamps,Paul,faG#WMYVqf,Da Costa
681,paulette.vasseur@free.fr,Vasseur,Paulette,wHv#@R7qlO,Chevallier-sur-Monnier
682,joseph.gomez@live.com,Gomez,Joseph,3sHoOfq@JU,Prévost-sur-Gallet
683,jeanne.leroy@laposte.net,Leroy,Jeanne,3KHH%O3vO!,Duhamel
684,geneviève.roche@free.fr,Roche,Geneviève,t4gytgDxe8,Allard-la-Forêt
685,claudine.morel@voila.fr,Morel,Claudine,Hu73o@f4T!,Saint Nicolas-sur-Mer
686,édith.martel@sfr.fr,Martel,Édith,6@ospSlAKx,Sainte Laetitia
687,susan.dumont@free.fr,Dumont,Susan,v$IBax1jF@,Wagner
688,suzanne.breton@laposte.net,Breton,Suzanne,mQdKpYVnPt,Saint William
689,philippine.masson@live.com,Masson,Philippine,dk696IaQf5,MarchalBourg
690,maryse.dupré@dbmail.com,Dupré,Maryse,PqBgKPhjWl,CosteBourg
691,thibaut.breton@noos.fr,Breton,Thibaut,ZGwEZlcAuX,Barbier
692,sophie.riou@free.fr,Riou,Sophie,ZKtpM!3NqT,Delahayeboeuf
693,mathilde.guilbert@free.fr,Guilbert,Mathilde,mV$z!5X8I2,Hamon-sur-Hubert
694,alexandria.le-gall@free.fr,Le Gall,Alexandria,l2Vx32lf$R,Rodriguez
695,nathalie.martin@gmail.com,Martin,Nathalie,7Ct@kL73k9,Michaud-sur-Pires
696,jules.marion@orange.fr,Marion,Jules,MtqMF%2Lgj,Raymond
697,lucie.moreno@hotmail.fr,Moreno,Lucie,f$n$20m7GT,Sainte Guyboeuf
698,noël.perrot@hotmail.fr,Perrot,Noël,Gk#co7wxYf,Brun
699,valentine.neveu@voila.fr,Neveu,Valentine,k1MO65HRxB,Cohen
700,rémy.lacroix@hotmail.fr,Lacroix,Rémy,xkHn3caYob,Jacquot
701,adèle.boucher@tele2.fr,Boucher,Adèle,v96Z!MUYMl,Saint Benoîtnec
702,nath.humbert@tiscali.fr,Humbert,Nath,qrbyocydA9,Pasquier
703,alexandria.marty@tiscali.fr,Marty,Alexandria,sE3ylM7s82,MalletBourg
704,simone.verdier@tele2.fr,Verdier,Simone,covt4!8c5F,Goncalves
705,david.fontaine@dbmail.com,Fontaine,David,zLYgQbn31@,Lefebvre
706,raymond.duval@free.fr,Duval,Raymond,Le!Z!$!Dhc,Sainte Jeannec
707,nath.sanchez@tiscali.fr,Sanchez,Nath,2OiI18o@S5,Morinboeuf
708,maryse.martinez@noos.fr,Martinez,Maryse,3cuKy8S4D#,Guibert-les-Bains
709,hugues.vincent@noos.fr,Vincent,Hugues,CR7qLX1U8u,Sainte Lucas-sur-Mer
710,marthe.lenoir@club-internet.fr,Lenoir,Marthe,AKl9qwzu!m,Aubry-la-Forêt
711,noël.pereira@tiscali.fr,Pereira,Noël,1@MEAgcTHT,Sainte Henriette
712,honoré.vincent@noos.fr,Vincent,Honoré,uw#eiR3oDp,Bernard
713,emmanuel.cousin@yahoo.fr,Cousin,Emmanuel,C!HRTfIt$n,Voisin-sur-Bourgeois
714,andré.leclerc@club-internet.fr,Leclerc,André,g46onnf#nv,Diaz
715,édouard.reynaud@tiscali.fr,Reynaud,Édouard,pAUuL4#@mt,Sainte Sabinenec
716,claudine.peltier@ifrance.com,Peltier,Claudine,UQrpz41aF8,Robin
717,julien.lemaître@tele2.fr,Lemaître,Julien,RK#vkIV1UF,Lemaître-les-Bains
718,benjamin.charles@orange.fr,Charles,Benjamin,t1Dr2006%U,Turpin-la-Forêt
719,virginie.royer@yahoo.fr,Royer,Virginie,d4sb%ikROZ,Bonnet-sur-Fernandes
720,émile.laroche@noos.fr,Laroche,Émile,v3hYeth%L1,Allard
721,olivie.pruvost@gmail.com,Pruvost,Olivie,ZMOSbJsZ5A,Lenoir
722,zoé.chevallier@orange.fr,Chevallier,Zoé,4SZzMkeQXq,Humbertdan
723,christelle.ribeiro@wanadoo.fr,Ribeiro,Christelle,%KBl$N%Ruc,Sainte DominiqueVille
724,henriette.blondel@laposte.net,Blondel,Henriette,dHEM2#ohVH,Labbé-sur-Legendre
725,georges.boulay@sfr.fr,Boulay,Georges,#Tpgp5Ma6R,Giraud-les-Bains
726,susan.olivier@noos.fr,Olivier,Susan,EDSMKrW%Fn,Dupont
727,édouard.normand@bouygtel.fr,Normand,Édouard,P%yU6ms20k,Renaud-les-Bains
728,timothée.petitjean@dbmail.com,Petitjean,Timothée,lh2q8B5jVZ,Saint Amélienec
729,robert.dijoux@yahoo.fr,Dijoux,Robert,%YH@24!1us,Richardnec
730,arnaude.gérard@yahoo.fr,Gérard,Arnaude,#q!6q$pB68,Duhamel
731,franck.thibault@noos.fr,Thibault,Franck,euVp0opVLf,Sainte Éliseboeuf
732,rémy.jacob@gmail.com,Jacob,Rémy,%tpVNVML!d,Massedan
733,jérôme.baron@gmail.com,Baron,Jérôme,ss1gNKBx!a,Meuniernec
734,anastasie.rémy@tiscali.fr,Rémy,Anastasie,pSif19N5RW,Girard
735,rené.guichard@club-internet.fr,Guichard,René,8qr#655tPl,Sainte Thérèse
736,thierry.guyot@orange.fr,Guyot,Thierry,0XDYRf4Jlv,GrenierBourg
737,grégoire.ribeiro@bouygtel.fr,Ribeiro,Grégoire,dNpkyg%y8#,Beckerboeuf
738,nathalie.delattre@sfr.fr,Delattre,Nathalie,cpxcJAF4kP,Imbert-sur-Blanc
739,capucine.lecomte@wanadoo.fr,Lecomte,Capucine,Zf!cR3x1dO,Traoredan
740,alix.lefèvre@club-internet.fr,Lefèvre,Alix,WGlomvKsxG,LerouxBourg
741,mathilde.guillou@free.fr,Guillou,Mathilde,ltN0vhPxdh,DufourVille
742,léon.bourgeois@tele2.fr,Bourgeois,Léon,MXmOs0PHWp,Saint Arthur
743,benoît.alves@live.com,Alves,Benoît,gzEE@$#XoI,Paris
744,valentine.barthelemy@voila.fr,Barthelemy,Valentine,hO70i9d0Dc,ChauvinBourg
745,olivier.guichard@free.fr,Guichard,Olivier,ImFqM05k#A,Valentindan
746,christelle.coste@free.fr,Coste,Christelle,sVvF25fa7L,Martyboeuf
747,virginie.poirier@gmail.com,Poirier,Virginie,vah9IGWSB$,Sainte Antoinenec
748,isaac.masse@orange.fr,Masse,Isaac,KfuiMlYprJ,Louis
749,margaret.leclerc@noos.fr,Leclerc,Margaret,3A#ORH5IFP,Gilles
750,denise.lefebvre@free.fr,Lefebvre,Denise,RA6Qcra8ab,Sainte Gilles
751,joséphine.petit@club-internet.fr,Petit,Joséphine,w0!Ykjd4pT,Fleury
752,michèle.lacombe@ifrance.com,Lacombe,Michèle,WTXwbp7Vy4,Briand
753,dominique.lévêque@tele2.fr,Lévêque,Dominique,bCcJTylMCD,Fleury-sur-Mer
754,thibaut.labbé@yahoo.fr,Labbé,Thibaut,@UeJ@AazYo,Ferrandnec
755,aimé.gros@club-internet.fr,Gros,Aimé,J#@vywiqiq,Guilbert
756,théophile.pottier@bouygtel.fr,Pottier,Théophile,HD%JycG6a2,Sainte Christopheboeuf
757,lucie.germain@club-internet.fr,Germain,Lucie,gP30Jp%7@U,Bertin
758,laurent.gérard@gmail.com,Gérard,Laurent,%fCgJ15OaY,Salmon-sur-Mer
759,susan.brunel@laposte.net,Brunel,Susan,yQkdC2jFzv,Peltierboeuf
760,michelle.michel@noos.fr,Michel,Michelle,QNimd93dQG,Collet-la-Forêt
761,anne.chevallier@orange.fr,Chevallier,Anne,Fn8ERgQ%Ej,Saint Zacharie
762,marianne.joubert@wanadoo.fr,Joubert,Marianne,4m5pkheWOi,Leconteboeuf
763,théophile.picard@yahoo.fr,Picard,Théophile,qh4hM3inhg,Arnaud-la-Forêt
764,charlotte.rodriguez@free.fr,Rodriguez,Charlotte,LWZm0Db6X7,Pages
765,maggie.daniel@club-internet.fr,Daniel,Maggie,2mRd6%Qynn,Saint Adrienne-sur-Mer
766,astrid.rémy@club-internet.fr,Rémy,Astrid,biyq$GT194,Bertin
767,célina.lemaire@tiscali.fr,Lemaire,Célina,xFrfhqN3$T,VincentBourg
768,léon.charrier@noos.fr,Charrier,Léon,Nss8NRLVb%,Sainte Éléonore-la-Forêt
769,bernard.fernandes@dbmail.com,Fernandes,Bernard,shE#g2Szzz,Bourgeois
770,anouk.colas@free.fr,Colas,Anouk,iRy87QQM1Q,Meunierboeuf
771,renée.faure@dbmail.com,Faure,Renée,un6f@CaCD7,Le Roux-les-Bains
772,luce.boyer@sfr.fr,Boyer,Luce,BE9QWAZxaU,Sainte Robert
773,patricia.becker@free.fr,Becker,Patricia,bjTdosL4yU,Verdier
774,claudine.ledoux@noos.fr,Ledoux,Claudine,fdzzKwCHwR,Saint Laetitianec
775,anne.gilbert@gmail.com,Gilbert,Anne,FwzcwHmcrW,JacobVille
776,élisabeth.bourgeois@dbmail.com,Bourgeois,Élisabeth,oRAN6EVVv3,Garcia
777,olivie.laporte@voila.fr,Laporte,Olivie,ipsqyyWVO2,Moreau
778,lorraine.peron@live.com,Peron,Lorraine,FfyLtPFgJq,Jean
779,thierry.dumont@free.fr,Dumont,Thierry,$!Ak8iv$X$,Sainte Constance-la-Forêt
780,christophe.lambert@tele2.fr,Lambert,Christophe,V@%7wPV9@8,Charpentier
781,nathalie.dijoux@noos.fr,Dijoux,Nathalie,IZeACz5EYB,Hardy-sur-Marques
782,marianne.lucas@live.com,Lucas,Marianne,N2WuVGkrkL,Camus
783,odette.roche@voila.fr,Roche,Odette,4%TDf7$R25,Antoine
784,michel.hubert@voila.fr,Hubert,Michel,730V@OIWdw,Lecomte
785,jacqueline.bodin@live.com,Bodin,Jacqueline,4DHjTkL#$k,Denis
786,michèle.gilles@bouygtel.fr,Gilles,Michèle,JDmpjUezQz,Sainte Lucie
787,pénélope.joubert@gmail.com,Joubert,Pénélope,QGMJyrHbMK,Rousseau-sur-Valentin
788,margaud.nicolas@yahoo.fr,Nicolas,Margaud,SZZb8$tYDD,Saint Marie
789,arnaude.hebert@tiscali.fr,Hebert,Arnaude,A8D%77RkOy,Denis-la-Forêt
790,martine.brunet@voila.fr,Brunet,Martine,21A45dVrqN,Lemonnier
791,thibaut.de-oliveira@noos.fr,De Oliveira,Thibaut,b@TRC12ZMP,Sainte Laurence-les-Bains
792,véronique.duval@club-internet.fr,Duval,Véronique,certQYWAYi,FouquetBourg
793,gabriel.gautier@bouygtel.fr,Gautier,Gabriel,Xy8nQ5Mlvn,Philippe-sur-Mer
794,véronique.barbe@noos.fr,Barbe,Véronique,we!dxziXKA,Pelletier
795,théodore.renard@tiscali.fr,Renard,Théodore,DLi6hV%bvP,Sainte Marc
796,vincent.huet@hotmail.fr,Huet,Vincent,0Yuoq19iXA,Saint Marguerite
797,frédéric.baudry@wanadoo.fr,Baudry,Frédéric,qAN38uNz#6,GérardBourg
798,denis.ramos@tele2.fr,Ramos,Denis,Jzas5iZFQ!,Sainte Lucy-sur-Mer
799,théodore.aubry@free.fr,Aubry,Théodore,67flK6SMYw,GirardBourg
800,augustin.charpentier@dbmail.com,Charpentier,Augustin,1Fw36XxmYf,Labbé
801,aurélie.rousset@voila.fr,Rousset,Aurélie,EuJLiB@0pV,Saint ClaudeVille
802,dominique.dos-santos@live.com,Dos Santos,Dominique,jn#P05vGA#,Boulanger
803,brigitte.loiseau@hotmail.fr,Loiseau,Brigitte,f7dj7WRZyY,Peron
804,alix.le-goff@ifrance.com,Le Goff,Alix,ebGorP7!7i,Noël
805,andrée.pineau@tiscali.fr,Pineau,Andrée,kF4r8Juvcm,Collin
806,susanne.de-oliveira@laposte.net,De Oliveira,Susanne,wLpYvjbIt4,Marie
807,marthe.pages@noos.fr,Pages,Marthe,TwBeB4g%nX,Saint François
808,jeanne.guillet@free.fr,Guillet,Jeanne,N4gagWzFVE,Potier-sur-Navarro
809,juliette.gillet@voila.fr,Gillet,Juliette,zlc1dbRyiC,Raymond
810,marianne.petitjean@tiscali.fr,Petitjean,Marianne,mvvf1$nPPy,Guillet
811,frédéric.bouchet@bouygtel.fr,Bouchet,Frédéric,AY2pDBnTPw,LambertBourg
812,marcelle.bouvier@dbmail.com,Bouvier,Marcelle,bZObXB6CiJ,Saint Marguerite
813,diane.barbe@orange.fr,Barbe,Diane,VfiB0M@nvG,Gauthier-sur-Lesage
814,christine.perrot@voila.fr,Perrot,Christine,mPXrQwO9iQ,GérardVille
815,lucy.barbier@free.fr,Barbier,Lucy,c5W$D#bDcp,Lelièvredan
816,denis.hamel@dbmail.com,Hamel,Denis,NE2FkhrV@L,Lebrun-sur-Mer
817,roger.girard@ifrance.com,Girard,Roger,ztWAeE4QrJ,Hubertnec
818,thérèse.huet@hotmail.fr,Huet,Thérèse,Of%1KdDQRF,Sainte Capucinedan
819,colette.cohen@tiscali.fr,Cohen,Colette,AgFCW%Px4a,Lemaire
820,noémi.guibert@noos.fr,Guibert,Noémi,i!iygsAqlw,Saint Anne
821,auguste.pascal@club-internet.fr,Pascal,Auguste,AE#k27NvzF,MartinBourg
822,danielle.guilbert@tele2.fr,Guilbert,Danielle,2wFMK5zI9k,Bègue
823,zacharie.marchal@tele2.fr,Marchal,Zacharie,UYWv842#3t,Saint Camille
824,vincent.vaillant@live.com,Vaillant,Vincent,9cW2kMtwGW,Brunel-sur-Reynaud
825,michelle.sauvage@voila.fr,Sauvage,Michelle,7N6KW9jQr8,Saint Patricia-sur-Mer
826,zacharie.monnier@wanadoo.fr,Monnier,Zacharie,ztyab#V!Z1,Lévy
827,alix.boutin@laposte.net,Boutin,Alix,YVX!Nj0epX,Saint Jacquesdan
828,valentine.wagner@sfr.fr,Wagner,Valentine,uy3GS$!VhX,Gautier-la-Forêt
829,laurent.mathieu@sfr.fr,Mathieu,Laurent,2FF9eUdsH6,Fabredan
830,michelle.maillot@tele2.fr,Maillot,Michelle,sGFubolXYk,Sainte BenjaminBourg
831,céline.delmas@tiscali.fr,Delmas,Céline,%y2v2GM#WN,Bodin-sur-Lucas
832,aimé.laporte@tiscali.fr,Laporte,Aimé,0lnSsIAYNa,Sainte Virginie
833,danielle.valette@free.fr,Valette,Danielle,v!ami11K3v,Jacquot
834,nath.rodriguez@wanadoo.fr,Rodriguez,Nath,wVxrz!x#o5,Sainte Margauxboeuf
835,alice.humbert@orange.fr,Humbert,Alice,BxzhxyH04n,Jacquot-sur-Ledoux
836,robert.chauvin@tele2.fr,Chauvin,Robert,vkLkWpJiRd,Cousin
837,susan.lucas@wanadoo.fr,Lucas,Susan,E9!mbhIafm,Pasquier
838,théophile.boutin@sfr.fr,Boutin,Théophile,B%aW%I!8R2,Bouvier-sur-Mer
839,marc.ferrand@live.com,Ferrand,Marc,RVROEUZWhT,Torres
840,margot.payet@dbmail.com,Payet,Margot,Qma6ZrdpJF,Gaudin
841,mathilde.ferreira@tiscali.fr,Ferreira,Mathilde,V58$0yaPcU,Guilbert
842,isabelle.masse@noos.fr,Masse,Isabelle,fP4D!ZkS28,Parent-la-Forêt
843,susan.richard@ifrance.com,Richard,Susan,mXLys%#eq@,GautierVille
844,william.vincent@free.fr,Vincent,William,lM7v5o9EFB,Saint René
845,sébastien.normand@gmail.com,Normand,Sébastien,vln3duPXJC,Rodrigues
846,marie.collet@gmail.com,Collet,Marie,G8pr!lQCiR,Chrétien
847,agathe.sauvage@orange.fr,Sauvage,Agathe,WW3DCHoLlo,Saint Noéminec
848,danielle.grenier@gmail.com,Grenier,Danielle,lRyoVqOWaN,Jacquot
849,alex.chevallier@gmail.com,Chevallier,Alex,hyX2OUq%Cn,Pottierboeuf
850,alexandre.bernier@tele2.fr,Bernier,Alexandre,Yb6OsLC@6s,Renaud
851,véronique.jean@sfr.fr,Jean,Véronique,KseON#pJ9B,Faivre
852,philippine.pages@tele2.fr,Pages,Philippine,@LWhQtACgw,Cousin
853,joseph.normand@ifrance.com,Normand,Joseph,!YMucYR28S,Saint JérômeBourg
854,augustin.gilbert@bouygtel.fr,Gilbert,Augustin,YYjKKyYmqP,Berthelot
855,gilles.renard@dbmail.com,Renard,Gilles,gM6ur49LsA,Adam-sur-Thomas
856,chantal.lacombe@laposte.net,Lacombe,Chantal,BzbUnsW2vh,Fournier
857,tristan.godard@live.com,Godard,Tristan,mT8wgp$R3t,Sainte Claudine
858,david.neveu@orange.fr,Neveu,David,ZFepEY!MwW,Laine
859,julien.dijoux@hotmail.fr,Dijoux,Julien,l7WJ4Vbpok,Saint Arnaudenec
860,adèle.louis@dbmail.com,Louis,Adèle,p!$Cc9JmxX,Dupré
861,vincent.alves@wanadoo.fr,Alves,Vincent,93MqmPixZc,Carpentier
862,christelle.guilbert@live.com,Guilbert,Christelle,Y!i%pApxxa,Saint Marguerite
863,caroline.guillot@gmail.com,Guillot,Caroline,5OpfqAulGe,Loiseau-sur-Berger
864,maggie.lebrun@bouygtel.fr,Lebrun,Maggie,kp#MUv2aFM,Noëlnec
865,élodie.ramos@wanadoo.fr,Ramos,Élodie,f%L4r!O%T$,Laurent
866,valentine.pires@wanadoo.fr,Pires,Valentine,AmfEeysMBr,Buisson
867,caroline.coulon@sfr.fr,Coulon,Caroline,BTJq2jGHWu,Sainte Manon
868,tristan.buisson@hotmail.fr,Buisson,Tristan,Z6kG2sAjIy,Saint JacquesVille
869,marc.leconte@noos.fr,Leconte,Marc,V$u1tO3WdF,Pottier
870,victoire.duval@noos.fr,Duval,Victoire,jIpo0iQlUQ,Tanguy
871,madeleine.guérin@tele2.fr,Guérin,Madeleine,IsCJbmWCWn,Laurent
872,michelle.rémy@gmail.com,Rémy,Michelle,pwN!mSKImg,Saint David
873,joseph.deschamps@bouygtel.fr,Deschamps,Joseph,vOXxSZ9qHb,Guérin-sur-Mer
874,anouk.chevallier@noos.fr,Chevallier,Anouk,$tqsWIgVF1,Lombardnec
875,thomas.durand@voila.fr,Durand,Thomas,6x4T7#KJ2%,MailletBourg
876,lucy.fouquet@gmail.com,Fouquet,Lucy,DNlN0OlkjE,Andre-sur-Boulay
877,martine.legrand@yahoo.fr,Legrand,Martine,lvhkK@b2$r,Gaudin
878,stéphane.torres@hotmail.fr,Torres,Stéphane,9@$pZbya2S,Seguin
879,roland.salmon@voila.fr,Salmon,Roland,Ff5vCwjUr$,Webernec
880,christelle.barbier@ifrance.com,Barbier,Christelle,Tg2@WvVoRF,Vasseur-les-Bains
881,stéphanie.morvan@laposte.net,Morvan,Stéphanie,pLM9LHBaYB,Couturier
882,théophile.labbé@laposte.net,Labbé,Théophile,N$e7!hTa6Q,Dubois
883,gérard.dupont@hotmail.fr,Dupont,Gérard,MTnaSxZTbm,Sainte Élise
884,thibault.lacroix@noos.fr,Lacroix,Thibault,3!zk$t0p!a,Lecomte
885,madeleine.blanchet@free.fr,Blanchet,Madeleine,tGC8YVMU2x,Renard
886,matthieu.chauvet@yahoo.fr,Chauvet,Matthieu,In44urT3aT,Leclercq
887,jules.leconte@tele2.fr,Leconte,Jules,zoyKfrY1Qe,Vincent-sur-Hamel
888,madeleine.dias@bouygtel.fr,Dias,Madeleine,uz9Ip1!@qP,Sainte MargueriteBourg
889,eugène.philippe@live.com,Philippe,Eugène,Z#XqoncqtS,Coulon-sur-Rémy
890,gilbert.leconte@club-internet.fr,Leconte,Gilbert,#bEgR2b39L,Roussel
891,laure.muller@tiscali.fr,Muller,Laure,K!k2Ft$xFJ,Prévost
892,catherine.boulanger@laposte.net,Boulanger,Catherine,oHF2z8n#xy,Delmas-sur-Schneider
893,geneviève.duhamel@noos.fr,Duhamel,Geneviève,tDpqZeJys2,Gomes
894,jean.thomas@orange.fr,Thomas,Jean,czlgW0NDCR,Hoarau
895,michèle.rousset@laposte.net,Rousset,Michèle,29h$2gMoIU,Baronboeuf
896,margaret.peron@tele2.fr,Peron,Margaret,JS1FOgxfag,Voisin
897,caroline.pelletier@yahoo.fr,Pelletier,Caroline,PBK8Jm3xG!,Coulon
898,jérôme.imbert@laposte.net,Imbert,Jérôme,UQMombqQUU,Faure-sur-Guyot
899,élise.pierre@hotmail.fr,Pierre,Élise,VEJAXlnqpf,Peron
900,nathalie.sanchez@ifrance.com,Sanchez,Nathalie,yy5mjRM8zt,Saint Sylvie
901,pauline.maury@bouygtel.fr,Maury,Pauline,fqy1GSU5p3,Da Silva
902,émilie.gimenez@live.com,Gimenez,Émilie,i91#cvJqLf,Guibert-les-Bains
903,anaïs.hubert@laposte.net,Hubert,Anaïs,hyY@$jv4$X,Peron-sur-Charpentier
904,célina.charrier@live.com,Charrier,Célina,XZIAxauBb$,Robinnec
905,constance.dubois@free.fr,Dubois,Constance,6#HMCLIpvC,Bonneau
906,olivie.buisson@free.fr,Buisson,Olivie,fELfsJrIgF,Cohen
907,joseph.moreno@tiscali.fr,Moreno,Joseph,AoaSVPkHr0,Delmas-sur-Rodrigues
908,agathe.fournier@tiscali.fr,Fournier,Agathe,LPhbTCJwGc,Samson
909,nicolas.andre@orange.fr,Andre,Nicolas,nWGA4CPIAY,Lemaître
910,augustin.laroche@live.com,Laroche,Augustin,t5D3Vs9l@x,Paul
911,amélie.lelièvre@dbmail.com,Lelièvre,Amélie,6xwy!xKcNu,LambertVille
912,françois.fischer@bouygtel.fr,Fischer,François,wYyisj2F6Z,Couturier-la-Forêt
913,inès.devaux@ifrance.com,Devaux,Inès,mrbmWXcobf,Roger-sur-Mallet
914,aimée.coste@wanadoo.fr,Coste,Aimée,qFkIsbbnRk,Sainte Alexandria-sur-Mer
915,anne.benard@tiscali.fr,Benard,Anne,zr94uNQ9tF,Coulon
916,josette.robert@free.fr,Robert,Josette,hIpcfnLn$1,Jolydan
917,michel.garnier@sfr.fr,Garnier,Michel,saCdD2XsTK,Weiss-la-Forêt
918,henri.lemoine@yahoo.fr,Lemoine,Henri,CXo!voCnKT,Étienne
919,margaud.rolland@tiscali.fr,Rolland,Margaud,jQpUkftw2Q,RémyBourg
920,margot.voisin@noos.fr,Voisin,Margot,x2tMKSnI@V,Lacroix-les-Bains
921,alphonse.berger@free.fr,Berger,Alphonse,HjatsOsX59,Saint Henriette
922,grégoire.lombard@gmail.com,Lombard,Grégoire,io2JslPqxX,Fournier-les-Bains
923,jacques.poirier@ifrance.com,Poirier,Jacques,TO@290QrFX,Blondel
924,joséphine.thibault@sfr.fr,Thibault,Joséphine,1@@DXk1ClE,Sainte Émile
925,caroline.seguin@orange.fr,Seguin,Caroline,UaAcU8rohS,Leduc-les-Bains
926,véronique.bouchet@free.fr,Bouchet,Véronique,UrL6s1FACh,Meunier-sur-Guillon
927,laurence.delmas@dbmail.com,Delmas,Laurence,rpsWd2Vgnj,Aubry-les-Bains
928,cécile.godard@ifrance.com,Godard,Cécile,9udsUskFjb,Muller-sur-Rolland
929,alice.payet@laposte.net,Payet,Alice,1tx8rM80R4,Saint Lucnec
930,julie.pereira@gmail.com,Pereira,Julie,bKothew#ub,Ollivier
931,sabine.rossi@hotmail.fr,Rossi,Sabine,Y26H#ND2uI,ChrétienBourg
932,christine.delmas@voila.fr,Delmas,Christine,l%WqBZhCYx,Marion
933,philippine.potier@live.com,Potier,Philippine,j79OZWvgV2,Barbenec
934,benjamin.rocher@tiscali.fr,Rocher,Benjamin,yInnjUQdEK,Gilbert-sur-Mer
935,sophie.lecoq@noos.fr,Lecoq,Sophie,uniBbNyzeE,MartyBourg
936,grégoire.adam@hotmail.fr,Adam,Grégoire,Ikf9fgOlNb,Gosselin-sur-Mer
937,roland.joseph@sfr.fr,Joseph,Roland,TKY#yOYTqm,Lejeune-la-Forêt
938,aimé.lacombe@voila.fr,Lacombe,Aimé,Q0#m#tdW9e,Saint Dorothée
939,alexandria.bègue@dbmail.com,Bègue,Alexandria,Lut7klDBsu,Lagarde
940,anouk.étienne@bouygtel.fr,Étienne,Anouk,#%%R5qRLU3,Saint Aurélie-la-Forêt
941,dominique.regnier@bouygtel.fr,Regnier,Dominique,fXEAjt@mbs,Morenoboeuf
942,maggie.chauvin@tiscali.fr,Chauvin,Maggie,Nl@m6OvLui,Pasquier
943,joseph.lemaître@bouygtel.fr,Lemaître,Joseph,JUTljw6H8G,Berthelotdan
944,thibault.verdier@ifrance.com,Verdier,Thibault,4rp!fUKZ0q,Becker
945,nathalie.dos-santos@yahoo.fr,Dos Santos,Nathalie,4U$OVk0#5H,Saint Caroline-les-Bains
946,marcel.grégoire@free.fr,Grégoire,Marcel,fhFbtnLWuZ,MaillotVille
947,amélie.bousquet@laposte.net,Bousquet,Amélie,jCX7lS777n,Saint Valentine
948,charlotte.brunel@bouygtel.fr,Brunel,Charlotte,kxnY3zZQiO,BlancBourg
949,matthieu.lemaître@ifrance.com,Lemaître,Matthieu,R!B8oJ6et8,Saint Moniquenec
950,laetitia.bègue@free.fr,Bègue,Laetitia,sBOeWhU38B,RenaultVille
951,lucie.costa@wanadoo.fr,Costa,Lucie,gBc2IGwksi,Dubois-sur-Mer
952,sébastien.leclercq@free.fr,Leclercq,Sébastien,JZkM51BHxg,Saint Laetitia
953,margot.da-silva@voila.fr,Da Silva,Margot,l2RMvzS198,Dupuis
954,hugues.fernandez@ifrance.com,Fernandez,Hugues,u3TXbzjsPO,Valette
955,adrienne.laroche@wanadoo.fr,Laroche,Adrienne,bt6s@Oo0H%,Lebon-sur-Mer
956,alexandre.gallet@live.com,Gallet,Alexandre,a5q5meBy1v,Saint Emmanuelle-la-Forêt
957,adélaïde.baron@sfr.fr,Baron,Adélaïde,WBSAybVUcM,Seguin
958,cécile.antoine@free.fr,Antoine,Cécile,N#p@600TT2,Thomas-sur-Bertin
959,anouk.guillou@dbmail.com,Guillou,Anouk,%Qow62Vwu3,Saint Constance-la-Forêt
960,gabriel.blanchet@bouygtel.fr,Blanchet,Gabriel,WK3Kmlnlc0,Tanguy
961,marine.pichon@orange.fr,Pichon,Marine,n@m4#eL1BC,Thibaultdan
962,olivie.maillot@voila.fr,Maillot,Olivie,6Woz8pS70Y,Bazindan
963,christine.ferreira@ifrance.com,Ferreira,Christine,aVC#KIHN1E,Mercier
964,luce.vasseur@noos.fr,Vasseur,Luce,a1ebdtV%OQ,Gomes
965,adrienne.blondel@orange.fr,Blondel,Adrienne,v3EYyYg2qX,Petit-la-Forêt
966,sébastien.morin@hotmail.fr,Morin,Sébastien,wZO%u3Dmq#,Mailletboeuf
967,françoise.colin@sfr.fr,Colin,Françoise,pYHuPAlld3,Bouvierboeuf
968,henriette.royer@sfr.fr,Royer,Henriette,btdkWdq6Tx,Letellier
969,colette.gallet@orange.fr,Gallet,Colette,ECMyFWHgJk,Huet
970,rémy.leclerc@orange.fr,Leclerc,Rémy,scno6pnsKH,Renaud
971,virginie.maurice@yahoo.fr,Maurice,Virginie,xlj@UAYm!c,Meyer
972,georges.chevalier@gmail.com,Chevalier,Georges,0j!jA1WO5u,BonneauVille
973,claude.leduc@dbmail.com,Leduc,Claude,xMbwepRS9a,Legendre
974,clémence.bruneau@free.fr,Bruneau,Clémence,u%Gpydc%$t,Marin
975,paulette.gros@orange.fr,Gros,Paulette,BUoBdPrCkq,Chauvin
976,odette.verdier@wanadoo.fr,Verdier,Odette,IJ9zlSL7@3,Vincent
977,susanne.briand@wanadoo.fr,Briand,Susanne,$ZyGwzJYnN,GimenezVille
978,adélaïde.carlier@yahoo.fr,Carlier,Adélaïde,vA!352IOnX,Albert
979,marthe.paul@voila.fr,Paul,Marthe,2zTVi5ve$G,GomesVille
980,margot.lacroix@dbmail.com,Lacroix,Margot,0LTYdoxP2x,BlinBourg
981,agnès.raymond@bouygtel.fr,Raymond,Agnès,TFjBVVsOpb,Lemoine
982,noël.royer@live.com,Royer,Noël,ObQB7PDiXK,Raymondboeuf
983,julien.didier@live.com,Didier,Julien,BBnJj13OOz,Lacroixnec
984,aimée.maréchal@free.fr,Maréchal,Aimée,zg@@fJ1pp5,Lebreton
985,henriette.payet@yahoo.fr,Payet,Henriette,vPXEcKca7K,Torres-sur-Rolland
986,michelle.dupuy@noos.fr,Dupuy,Michelle,qZefRci8m1,Berthelot
987,alex.pierre@laposte.net,Pierre,Alex,MJOSZkO@gY,Rousset
988,christelle.petit@tiscali.fr,Petit,Christelle,M6@pVndCgb,De Oliveira
989,grégoire.lombard@tiscali.fr,Lombard,Grégoire,rnP3CvlyVa,Joubertboeuf
990,théophile.deschamps@ifrance.com,Deschamps,Théophile,gHfogMjHQW,DuhamelVille
991,eugène.blot@sfr.fr,Blot,Eugène,Ivr6pqOs05,Lopez
992,sylvie.adam@tele2.fr,Adam,Sylvie,p%E9!JP9Cl,LombardBourg
993,noémi.daniel@live.com,Daniel,Noémi,HLkTFAjj@h,Alves
994,gabrielle.pascal@voila.fr,Pascal,Gabrielle,BbB7Xy!nRA,Barre
995,antoinette.rivière@sfr.fr,Rivière,Antoinette,$ON6t#nqCU,Potier
996,hortense.bruneau@live.com,Bruneau,Hortense,X5$zZyiJ2v,Roger-la-Forêt
997,victor.maillet@hotmail.fr,Maillet,Victor,Nns7noEc6x,Coulondan
998,alex.bonneau@laposte.net,Bonneau,Alex,Id85THpkT3,Barthelemy
999,jacques.riou@ifrance.com,Riou,Jacques,BtY#3$Qg4I,De Oliveira
1000,claude.guérin@dbmail.com,Guérin,Claude,VmgW2yLyZw,Saint Zacharie-sur-Mer
